no,name,class,gender,rarity,pitch,pace,signature,description
1,Sunstrike,Genki & Sunshine,Feminine,5,High,Dash,yes,"Teenage girl. A human firecracker who treats every day like a festival and every stranger like a future best friend. The voice is a bright, airy high register, carried on rapid-fire, excitable delivery. Giggles mid-sentence and restarts with double the energy. Underneath the noise, there is warmth that sneaks up on you."
2,Sunstrike · Sunbeam Lilt,Genki & Sunshine,Feminine,3,High,Lilt,no,"Teenage girl. A human firecracker who treats every day like a festival and every stranger like a future best friend. The voice is a bright, airy high register, carried on a bouncy, sing-song lilt. Trails off mid-thought, then blurts the punchline. A quiet current of menace runs beneath the polish."
3,Sunstrike · Sunbeam Burst,Genki & Sunshine,Feminine,4,High,Burst,no,"Teenage girl. A human firecracker who treats every day like a festival and every stranger like a future best friend. The voice is a bright, airy high register, carried on explosive, hard-hitting bursts. Carries an audible smile through half the lines. Zero malice — just pure, uncomplicated joy."
4,Sunstrike · Honey Dash,Genki & Sunshine,Feminine,4,Mid,Dash,no,"Teenage girl. A human firecracker who treats every day like a festival and every stranger like a future best friend. The voice is a warm, honeyed mid register, carried on rapid-fire, excitable delivery. Giggles mid-sentence and restarts with double the energy. Old grief pressed flat beneath the calm."
5,Sunstrike · Honey Lilt,Genki & Sunshine,Feminine,3,Mid,Lilt,no,"Teenage girl. A human firecracker who treats every day like a festival and every stranger like a future best friend. The voice is a warm, honeyed mid register, carried on a bouncy, sing-song lilt. Trails off mid-thought, then blurts the punchline. Curiosity always wins over caution."
6,Sunstrike · Honey Burst,Genki & Sunshine,Feminine,4,Mid,Burst,no,"Teenage girl. A human firecracker who treats every day like a festival and every stranger like a future best friend. The voice is a warm, honeyed mid register, carried on explosive, hard-hitting bursts. Carries an audible smile through half the lines. The patience of someone who has waited centuries."
7,Sunstrike · Bell Dash,Genki & Sunshine,Feminine,4,High,Dash,no,"Teenage girl. A human firecracker who treats every day like a festival and every stranger like a future best friend. The voice is a rich, bell-like register, carried on rapid-fire, excitable delivery. Giggles mid-sentence and restarts with double the energy. A temper banked like coals — not out, never out."
8,Sunstrike · Bell Lilt,Genki & Sunshine,Feminine,3,High,Lilt,no,"Teenage girl. A human firecracker who treats every day like a festival and every stranger like a future best friend. The voice is a rich, bell-like register, carried on a bouncy, sing-song lilt. Trails off mid-thought, then blurts the punchline. Kindness delivered like a favor you cannot refuse."
9,Festival Rush,Genki & Sunshine,Feminine,5,High,Dash,yes,"Young woman. A hyper-caffeinated event host who narrates her own life like it's breaking news. The voice is a bright, airy high register, carried on rapid-fire, excitable delivery. Giggles mid-sentence and restarts with double the energy. A quiet current of menace runs beneath the polish."
10,Festival Rush · Honey Lilt,Genki & Sunshine,Feminine,4,Mid,Lilt,no,"Young woman. A hyper-caffeinated event host who narrates her own life like it's breaking news. The voice is a warm, honeyed mid register, carried on a bouncy, sing-song lilt. Giggles mid-sentence and restarts with double the energy. Zero malice — just pure, uncomplicated joy."
11,Festival Rush · Honey Burst,Genki & Sunshine,Feminine,4,Mid,Burst,no,"Young woman. A hyper-caffeinated event host who narrates her own life like it's breaking news. The voice is a warm, honeyed mid register, carried on explosive, hard-hitting bursts. Trails off mid-thought, then blurts the punchline. Old grief pressed flat beneath the calm."
12,Festival Rush · Bell Dash,Genki & Sunshine,Feminine,3,High,Dash,no,"Young woman. A hyper-caffeinated event host who narrates her own life like it's breaking news. The voice is a rich, bell-like register, carried on rapid-fire, excitable delivery. Carries an audible smile through half the lines. Curiosity always wins over caution."
13,Festival Rush · Bell Lilt,Genki & Sunshine,Feminine,4,High,Lilt,no,"Young woman. A hyper-caffeinated event host who narrates her own life like it's breaking news. The voice is a rich, bell-like register, carried on a bouncy, sing-song lilt. Giggles mid-sentence and restarts with double the energy. The patience of someone who has waited centuries."
14,Festival Rush · Bell Burst,Genki & Sunshine,Feminine,4,High,Burst,no,"Young woman. A hyper-caffeinated event host who narrates her own life like it's breaking news. The voice is a rich, bell-like register, carried on explosive, hard-hitting bursts. Trails off mid-thought, then blurts the punchline. A temper banked like coals — not out, never out."
15,Festival Rush · Reed Dash,Genki & Sunshine,Feminine,3,Mid,Dash,no,"Young woman. A hyper-caffeinated event host who narrates her own life like it's breaking news. The voice is a reedy, nasal register, carried on rapid-fire, excitable delivery. Carries an audible smile through half the lines. Kindness delivered like a favor you cannot refuse."
16,Festival Rush · Reed Lilt,Genki & Sunshine,Feminine,4,Mid,Lilt,no,"Young woman. A hyper-caffeinated event host who narrates her own life like it's breaking news. The voice is a reedy, nasal register, carried on a bouncy, sing-song lilt. Giggles mid-sentence and restarts with double the energy. Wonder leaks through every other line."
17,Morning Sprint,Genki & Sunshine,Masculine,5,High,Dash,yes,"Teenage boy. A relentlessly upbeat runner who greets 5 AM like a personal challenge. The voice is a bright, airy high register, carried on rapid-fire, excitable delivery. Giggles mid-sentence and restarts with double the energy. Zero malice — just pure, uncomplicated joy."
18,Morning Sprint · Bell Lilt,Genki & Sunshine,Masculine,4,High,Lilt,no,"Teenage boy. A relentlessly upbeat runner who greets 5 AM like a personal challenge. The voice is a rich, bell-like register, carried on a bouncy, sing-song lilt. Carries an audible smile through half the lines. Old grief pressed flat beneath the calm."
19,Morning Sprint · Bell Burst,Genki & Sunshine,Masculine,3,High,Burst,no,"Teenage boy. A relentlessly upbeat runner who greets 5 AM like a personal challenge. The voice is a rich, bell-like register, carried on explosive, hard-hitting bursts. Giggles mid-sentence and restarts with double the energy. Curiosity always wins over caution."
20,Morning Sprint · Reed Dash,Genki & Sunshine,Masculine,4,Mid,Dash,no,"Teenage boy. A relentlessly upbeat runner who greets 5 AM like a personal challenge. The voice is a reedy, nasal register, carried on rapid-fire, excitable delivery. Trails off mid-thought, then blurts the punchline. The patience of someone who has waited centuries."
21,Morning Sprint · Reed Lilt,Genki & Sunshine,Masculine,4,Mid,Lilt,no,"Teenage boy. A relentlessly upbeat runner who greets 5 AM like a personal challenge. The voice is a reedy, nasal register, carried on a bouncy, sing-song lilt. Carries an audible smile through half the lines. A temper banked like coals — not out, never out."
22,Morning Sprint · Reed Burst,Genki & Sunshine,Masculine,3,Mid,Burst,no,"Teenage boy. A relentlessly upbeat runner who greets 5 AM like a personal challenge. The voice is a reedy, nasal register, carried on explosive, hard-hitting bursts. Giggles mid-sentence and restarts with double the energy. Kindness delivered like a favor you cannot refuse."
23,Morning Sprint · Sunbeam Dash,Genki & Sunshine,Masculine,4,High,Dash,no,"Teenage boy. A relentlessly upbeat runner who greets 5 AM like a personal challenge. The voice is a bright, airy high register, carried on rapid-fire, excitable delivery. Trails off mid-thought, then blurts the punchline. Wonder leaks through every other line."
24,Morning Sprint · Sunbeam Lilt,Genki & Sunshine,Masculine,4,High,Lilt,no,"Teenage boy. A relentlessly upbeat runner who greets 5 AM like a personal challenge. The voice is a bright, airy high register, carried on a bouncy, sing-song lilt. Carries an audible smile through half the lines. Something far away listens through the voice."
25,Bubblegum Bolt,Genki & Sunshine,Feminine,5,High,Dash,yes,"Young woman. A bouncy ball of enthusiasm who physically cannot end a sentence on a down note. The voice is a bright, airy high register, carried on rapid-fire, excitable delivery. Giggles mid-sentence and restarts with double the energy. Old grief pressed flat beneath the calm."
26,Bubblegum Bolt · Reed Lilt,Genki & Sunshine,Feminine,3,Mid,Lilt,no,"Young woman. A bouncy ball of enthusiasm who physically cannot end a sentence on a down note. The voice is a reedy, nasal register, carried on a bouncy, sing-song lilt. Trails off mid-thought, then blurts the punchline. Curiosity always wins over caution."
27,Bubblegum Bolt · Reed Burst,Genki & Sunshine,Feminine,4,Mid,Burst,no,"Young woman. A bouncy ball of enthusiasm who physically cannot end a sentence on a down note. The voice is a reedy, nasal register, carried on explosive, hard-hitting bursts. Carries an audible smile through half the lines. The patience of someone who has waited centuries."
28,Bubblegum Bolt · Sunbeam Dash,Genki & Sunshine,Feminine,4,High,Dash,no,"Young woman. A bouncy ball of enthusiasm who physically cannot end a sentence on a down note. The voice is a bright, airy high register, carried on rapid-fire, excitable delivery. Giggles mid-sentence and restarts with double the energy. A temper banked like coals — not out, never out."
29,Bubblegum Bolt · Sunbeam Lilt,Genki & Sunshine,Feminine,3,High,Lilt,no,"Young woman. A bouncy ball of enthusiasm who physically cannot end a sentence on a down note. The voice is a bright, airy high register, carried on a bouncy, sing-song lilt. Trails off mid-thought, then blurts the punchline. Kindness delivered like a favor you cannot refuse."
30,Bubblegum Bolt · Sunbeam Burst,Genki & Sunshine,Feminine,4,High,Burst,no,"Young woman. A bouncy ball of enthusiasm who physically cannot end a sentence on a down note. The voice is a bright, airy high register, carried on explosive, hard-hitting bursts. Carries an audible smile through half the lines. Wonder leaks through every other line."
31,Bubblegum Bolt · Honey Dash,Genki & Sunshine,Feminine,4,Mid,Dash,no,"Young woman. A bouncy ball of enthusiasm who physically cannot end a sentence on a down note. The voice is a warm, honeyed mid register, carried on rapid-fire, excitable delivery. Giggles mid-sentence and restarts with double the energy. Something far away listens through the voice."
32,Bubblegum Bolt · Honey Lilt,Genki & Sunshine,Feminine,4,Mid,Lilt,no,"Young woman. A bouncy ball of enthusiasm who physically cannot end a sentence on a down note. The voice is a warm, honeyed mid register, carried on a bouncy, sing-song lilt. Trails off mid-thought, then blurts the punchline. Underneath the noise, there is warmth that sneaks up on you."
33,Radiant Coach,Genki & Sunshine,Feminine,5,High,Dash,yes,"Adult woman. A peppy trainer whose encouragement comes a hundred miles an hour and hits like a hug. The voice is a bright, airy high register, carried on rapid-fire, excitable delivery. Giggles mid-sentence and restarts with double the energy. Curiosity always wins over caution."
34,Radiant Coach · Sunbeam Lilt,Genki & Sunshine,Feminine,4,High,Lilt,no,"Adult woman. A peppy trainer whose encouragement comes a hundred miles an hour and hits like a hug. The voice is a bright, airy high register, carried on a bouncy, sing-song lilt. Giggles mid-sentence and restarts with double the energy. The patience of someone who has waited centuries."
35,Radiant Coach · Sunbeam Burst,Genki & Sunshine,Feminine,4,High,Burst,no,"Adult woman. A peppy trainer whose encouragement comes a hundred miles an hour and hits like a hug. The voice is a bright, airy high register, carried on explosive, hard-hitting bursts. Trails off mid-thought, then blurts the punchline. A temper banked like coals — not out, never out."
36,Radiant Coach · Honey Dash,Genki & Sunshine,Feminine,3,Mid,Dash,no,"Adult woman. A peppy trainer whose encouragement comes a hundred miles an hour and hits like a hug. The voice is a warm, honeyed mid register, carried on rapid-fire, excitable delivery. Carries an audible smile through half the lines. Kindness delivered like a favor you cannot refuse."
37,Radiant Coach · Honey Lilt,Genki & Sunshine,Feminine,4,Mid,Lilt,no,"Adult woman. A peppy trainer whose encouragement comes a hundred miles an hour and hits like a hug. The voice is a warm, honeyed mid register, carried on a bouncy, sing-song lilt. Giggles mid-sentence and restarts with double the energy. Wonder leaks through every other line."
38,Radiant Coach · Honey Burst,Genki & Sunshine,Feminine,4,Mid,Burst,no,"Adult woman. A peppy trainer whose encouragement comes a hundred miles an hour and hits like a hug. The voice is a warm, honeyed mid register, carried on explosive, hard-hitting bursts. Trails off mid-thought, then blurts the punchline. Something far away listens through the voice."
39,Radiant Coach · Bell Dash,Genki & Sunshine,Feminine,4,High,Dash,no,"Adult woman. A peppy trainer whose encouragement comes a hundred miles an hour and hits like a hug. The voice is a rich, bell-like register, carried on rapid-fire, excitable delivery. Carries an audible smile through half the lines. Underneath the noise, there is warmth that sneaks up on you."
40,Radiant Coach · Bell Lilt,Genki & Sunshine,Feminine,3,High,Lilt,no,"Adult woman. A peppy trainer whose encouragement comes a hundred miles an hour and hits like a hug. The voice is a rich, bell-like register, carried on a bouncy, sing-song lilt. Giggles mid-sentence and restarts with double the energy. A quiet current of menace runs beneath the polish."
41,Scarlet Scowl,Tsundere Fire,Feminine,5,High,Dash,yes,"Teenage girl. Fiercely proud and allergic to compliments; says 'idiot' the way other people say 'hello'. The voice is a crisp, glass-clear register, carried on rapid-fire, excitable delivery. Clicks their tongue when annoyed — which is often. The patience of someone who has waited centuries."
42,Scarlet Scowl · Husk Dash,Tsundere Fire,Feminine,3,Low,Dash,no,"Teenage girl. Fiercely proud and allergic to compliments; says 'idiot' the way other people say 'hello'. The voice is a husky, intimate register, carried on rapid-fire, excitable delivery. Drops to a stage whisper when scheming. A temper banked like coals — not out, never out."
43,Scarlet Scowl · Husk Lilt,Tsundere Fire,Feminine,4,Low,Lilt,no,"Teenage girl. Fiercely proud and allergic to compliments; says 'idiot' the way other people say 'hello'. The voice is a husky, intimate register, carried on a bouncy, sing-song lilt. Sighs theatrically before every complaint. Kindness delivered like a favor you cannot refuse."
44,Scarlet Scowl · Husk Burst,Tsundere Fire,Feminine,4,Low,Burst,no,"Teenage girl. Fiercely proud and allergic to compliments; says 'idiot' the way other people say 'hello'. The voice is a husky, intimate register, carried on explosive, hard-hitting bursts. Clicks their tongue when annoyed — which is often. Wonder leaks through every other line."
45,Scarlet Scowl · Reed Dash,Tsundere Fire,Feminine,3,Mid,Dash,no,"Teenage girl. Fiercely proud and allergic to compliments; says 'idiot' the way other people say 'hello'. The voice is a reedy, nasal register, carried on rapid-fire, excitable delivery. Drops to a stage whisper when scheming. Something far away listens through the voice."
46,Scarlet Scowl · Reed Lilt,Tsundere Fire,Feminine,4,Mid,Lilt,no,"Teenage girl. Fiercely proud and allergic to compliments; says 'idiot' the way other people say 'hello'. The voice is a reedy, nasal register, carried on a bouncy, sing-song lilt. Sighs theatrically before every complaint. Underneath the noise, there is warmth that sneaks up on you."
47,Scarlet Scowl · Reed Burst,Tsundere Fire,Feminine,4,Mid,Burst,no,"Teenage girl. Fiercely proud and allergic to compliments; says 'idiot' the way other people say 'hello'. The voice is a reedy, nasal register, carried on explosive, hard-hitting bursts. Clicks their tongue when annoyed — which is often. A quiet current of menace runs beneath the polish."
48,Scarlet Scowl · Crystal Dash,Tsundere Fire,Feminine,4,High,Dash,no,"Teenage girl. Fiercely proud and allergic to compliments; says 'idiot' the way other people say 'hello'. The voice is a crisp, glass-clear register, carried on rapid-fire, excitable delivery. Drops to a stage whisper when scheming. Zero malice — just pure, uncomplicated joy."
49,Ember Pride,Tsundere Fire,Masculine,5,High,Dash,yes,"Teenage boy. A self-declared rival whose bravado cracks into flustered stammering the moment someone is nice to him. The voice is a crisp, glass-clear register, carried on rapid-fire, excitable delivery. Clicks their tongue when annoyed — which is often. A temper banked like coals — not out, never out."
50,Ember Pride · Reed Dash,Tsundere Fire,Masculine,4,Mid,Dash,no,"Teenage boy. A self-declared rival whose bravado cracks into flustered stammering the moment someone is nice to him. The voice is a reedy, nasal register, carried on rapid-fire, excitable delivery. Clicks their tongue when annoyed — which is often. Kindness delivered like a favor you cannot refuse."
51,Ember Pride · Reed Lilt,Tsundere Fire,Masculine,4,Mid,Lilt,no,"Teenage boy. A self-declared rival whose bravado cracks into flustered stammering the moment someone is nice to him. The voice is a reedy, nasal register, carried on a bouncy, sing-song lilt. Drops to a stage whisper when scheming. Wonder leaks through every other line."
52,Ember Pride · Reed Burst,Tsundere Fire,Masculine,3,Mid,Burst,no,"Teenage boy. A self-declared rival whose bravado cracks into flustered stammering the moment someone is nice to him. The voice is a reedy, nasal register, carried on explosive, hard-hitting bursts. Sighs theatrically before every complaint. Something far away listens through the voice."
53,Ember Pride · Crystal Dash,Tsundere Fire,Masculine,4,High,Dash,no,"Teenage boy. A self-declared rival whose bravado cracks into flustered stammering the moment someone is nice to him. The voice is a crisp, glass-clear register, carried on rapid-fire, excitable delivery. Clicks their tongue when annoyed — which is often. Underneath the noise, there is warmth that sneaks up on you."
54,Ember Pride · Crystal Lilt,Tsundere Fire,Masculine,4,High,Lilt,no,"Teenage boy. A self-declared rival whose bravado cracks into flustered stammering the moment someone is nice to him. The voice is a crisp, glass-clear register, carried on a bouncy, sing-song lilt. Drops to a stage whisper when scheming. A quiet current of menace runs beneath the polish."
55,Ember Pride · Crystal Burst,Tsundere Fire,Masculine,4,High,Burst,no,"Teenage boy. A self-declared rival whose bravado cracks into flustered stammering the moment someone is nice to him. The voice is a crisp, glass-clear register, carried on explosive, hard-hitting bursts. Sighs theatrically before every complaint. Zero malice — just pure, uncomplicated joy."
56,Ember Pride · Bell Dash,Tsundere Fire,Masculine,3,High,Dash,no,"Teenage boy. A self-declared rival whose bravado cracks into flustered stammering the moment someone is nice to him. The voice is a rich, bell-like register, carried on rapid-fire, excitable delivery. Clicks their tongue when annoyed — which is often. Old grief pressed flat beneath the calm."
57,Thorned Rose,Tsundere Fire,Feminine,5,High,Dash,yes,"Young woman. Haughty and sharp-tongued in public, suspiciously thoughtful in private. The voice is a crisp, glass-clear register, carried on rapid-fire, excitable delivery. Clicks their tongue when annoyed — which is often. Kindness delivered like a favor you cannot refuse."
58,Thorned Rose · Crystal Dash,Tsundere Fire,Feminine,4,High,Dash,no,"Young woman. Haughty and sharp-tongued in public, suspiciously thoughtful in private. The voice is a crisp, glass-clear register, carried on rapid-fire, excitable delivery. Sighs theatrically before every complaint. Wonder leaks through every other line."
59,Thorned Rose · Crystal Lilt,Tsundere Fire,Feminine,3,High,Lilt,no,"Young woman. Haughty and sharp-tongued in public, suspiciously thoughtful in private. The voice is a crisp, glass-clear register, carried on a bouncy, sing-song lilt. Clicks their tongue when annoyed — which is often. Something far away listens through the voice."
60,Thorned Rose · Crystal Burst,Tsundere Fire,Feminine,4,High,Burst,no,"Young woman. Haughty and sharp-tongued in public, suspiciously thoughtful in private. The voice is a crisp, glass-clear register, carried on explosive, hard-hitting bursts. Drops to a stage whisper when scheming. Underneath the noise, there is warmth that sneaks up on you."
61,Thorned Rose · Bell Dash,Tsundere Fire,Feminine,4,High,Dash,no,"Young woman. Haughty and sharp-tongued in public, suspiciously thoughtful in private. The voice is a rich, bell-like register, carried on rapid-fire, excitable delivery. Sighs theatrically before every complaint. A quiet current of menace runs beneath the polish."
62,Thorned Rose · Bell Lilt,Tsundere Fire,Feminine,4,High,Lilt,no,"Young woman. Haughty and sharp-tongued in public, suspiciously thoughtful in private. The voice is a rich, bell-like register, carried on a bouncy, sing-song lilt. Clicks their tongue when annoyed — which is often. Zero malice — just pure, uncomplicated joy."
63,Thorned Rose · Bell Burst,Tsundere Fire,Feminine,3,High,Burst,no,"Young woman. Haughty and sharp-tongued in public, suspiciously thoughtful in private. The voice is a rich, bell-like register, carried on explosive, hard-hitting bursts. Drops to a stage whisper when scheming. Old grief pressed flat beneath the calm."
64,Thorned Rose · Husk Dash,Tsundere Fire,Feminine,4,Low,Dash,no,"Young woman. Haughty and sharp-tongued in public, suspiciously thoughtful in private. The voice is a husky, intimate register, carried on rapid-fire, excitable delivery. Sighs theatrically before every complaint. Curiosity always wins over caution."
65,Molten Crown,Tsundere Fire,Masculine,5,High,Dash,yes,"Young man. An arrogant princeling whose arrogance is forty percent real, sixty percent overcompensation. The voice is a crisp, glass-clear register, carried on rapid-fire, excitable delivery. Clicks their tongue when annoyed — which is often. Wonder leaks through every other line."
66,Molten Crown · Bell Dash,Tsundere Fire,Masculine,3,High,Dash,no,"Young man. An arrogant princeling whose arrogance is forty percent real, sixty percent overcompensation. The voice is a rich, bell-like register, carried on rapid-fire, excitable delivery. Drops to a stage whisper when scheming. Something far away listens through the voice."
67,Molten Crown · Bell Lilt,Tsundere Fire,Masculine,4,High,Lilt,no,"Young man. An arrogant princeling whose arrogance is forty percent real, sixty percent overcompensation. The voice is a rich, bell-like register, carried on a bouncy, sing-song lilt. Sighs theatrically before every complaint. Underneath the noise, there is warmth that sneaks up on you."
68,Molten Crown · Bell Burst,Tsundere Fire,Masculine,4,High,Burst,no,"Young man. An arrogant princeling whose arrogance is forty percent real, sixty percent overcompensation. The voice is a rich, bell-like register, carried on explosive, hard-hitting bursts. Clicks their tongue when annoyed — which is often. A quiet current of menace runs beneath the polish."
69,Molten Crown · Husk Dash,Tsundere Fire,Masculine,4,Low,Dash,no,"Young man. An arrogant princeling whose arrogance is forty percent real, sixty percent overcompensation. The voice is a husky, intimate register, carried on rapid-fire, excitable delivery. Drops to a stage whisper when scheming. Zero malice — just pure, uncomplicated joy."
70,Molten Crown · Husk Lilt,Tsundere Fire,Masculine,3,Low,Lilt,no,"Young man. An arrogant princeling whose arrogance is forty percent real, sixty percent overcompensation. The voice is a husky, intimate register, carried on a bouncy, sing-song lilt. Sighs theatrically before every complaint. Old grief pressed flat beneath the calm."
71,Molten Crown · Husk Burst,Tsundere Fire,Masculine,4,Low,Burst,no,"Young man. An arrogant princeling whose arrogance is forty percent real, sixty percent overcompensation. The voice is a husky, intimate register, carried on explosive, hard-hitting bursts. Clicks their tongue when annoyed — which is often. Curiosity always wins over caution."
72,Molten Crown · Reed Dash,Tsundere Fire,Masculine,4,Mid,Dash,no,"Young man. An arrogant princeling whose arrogance is forty percent real, sixty percent overcompensation. The voice is a reedy, nasal register, carried on rapid-fire, excitable delivery. Drops to a stage whisper when scheming. The patience of someone who has waited centuries."
73,Spark Shield,Tsundere Fire,Feminine,5,High,Dash,yes,"Teenage girl. All prickles and lightning reflexes; softens exactly once per conversation, then denies it. The voice is a crisp, glass-clear register, carried on rapid-fire, excitable delivery. Clicks their tongue when annoyed — which is often. Something far away listens through the voice."
74,Spark Shield · Husk Dash,Tsundere Fire,Feminine,4,Low,Dash,no,"Teenage girl. All prickles and lightning reflexes; softens exactly once per conversation, then denies it. The voice is a husky, intimate register, carried on rapid-fire, excitable delivery. Clicks their tongue when annoyed — which is often. Underneath the noise, there is warmth that sneaks up on you."
75,Spark Shield · Husk Lilt,Tsundere Fire,Feminine,4,Low,Lilt,no,"Teenage girl. All prickles and lightning reflexes; softens exactly once per conversation, then denies it. The voice is a husky, intimate register, carried on a bouncy, sing-song lilt. Drops to a stage whisper when scheming. A quiet current of menace runs beneath the polish."
76,Spark Shield · Husk Burst,Tsundere Fire,Feminine,4,Low,Burst,no,"Teenage girl. All prickles and lightning reflexes; softens exactly once per conversation, then denies it. The voice is a husky, intimate register, carried on explosive, hard-hitting bursts. Sighs theatrically before every complaint. Zero malice — just pure, uncomplicated joy."
77,Spark Shield · Reed Dash,Tsundere Fire,Feminine,3,Mid,Dash,no,"Teenage girl. All prickles and lightning reflexes; softens exactly once per conversation, then denies it. The voice is a reedy, nasal register, carried on rapid-fire, excitable delivery. Clicks their tongue when annoyed — which is often. Old grief pressed flat beneath the calm."
78,Spark Shield · Reed Lilt,Tsundere Fire,Feminine,4,Mid,Lilt,no,"Teenage girl. All prickles and lightning reflexes; softens exactly once per conversation, then denies it. The voice is a reedy, nasal register, carried on a bouncy, sing-song lilt. Drops to a stage whisper when scheming. Curiosity always wins over caution."
79,Spark Shield · Reed Burst,Tsundere Fire,Feminine,4,Mid,Burst,no,"Teenage girl. All prickles and lightning reflexes; softens exactly once per conversation, then denies it. The voice is a reedy, nasal register, carried on explosive, hard-hitting bursts. Sighs theatrically before every complaint. The patience of someone who has waited centuries."
80,Spark Shield · Crystal Dash,Tsundere Fire,Feminine,3,High,Dash,no,"Teenage girl. All prickles and lightning reflexes; softens exactly once per conversation, then denies it. The voice is a crisp, glass-clear register, carried on rapid-fire, excitable delivery. Clicks their tongue when annoyed — which is often. A temper banked like coals — not out, never out."
81,Frost Interlude,Kuudere Ice,Feminine,5,High,Drift,yes,"Young woman. Flat-affect and minimal-worded; the eyebrow raise is a monologue. The voice is a crisp, glass-clear register, carried on an unhurried, glacially calm glide. Lets silences stretch one beat too long before answering. Underneath the noise, there is warmth that sneaks up on you."
82,Frost Interlude · Crystal Pulse,Kuudere Ice,Feminine,3,High,Pulse,no,"Young woman. Flat-affect and minimal-worded; the eyebrow raise is a monologue. The voice is a crisp, glass-clear register, carried on a hypnotic, metronome-steady pulse. Speaks in perfectly even bars, never stressing a single word. A quiet current of menace runs beneath the polish."
83,Frost Interlude · Silver Drift,Kuudere Ice,Feminine,4,Neutral,Drift,no,"Young woman. Flat-affect and minimal-worded; the eyebrow raise is a monologue. The voice is a silvery, androgynous register, carried on an unhurried, glacially calm glide. Barely moves their lips, words slipping out sideways. Zero malice — just pure, uncomplicated joy."
84,Frost Interlude · Silver Tick,Kuudere Ice,Feminine,4,Neutral,Tick,no,"Young woman. Flat-affect and minimal-worded; the eyebrow raise is a monologue. The voice is a silvery, androgynous register, carried on clipped, efficient bursts. Lets silences stretch one beat too long before answering. Old grief pressed flat beneath the calm."
85,Frost Interlude · Silver Pulse,Kuudere Ice,Feminine,4,Neutral,Pulse,no,"Young woman. Flat-affect and minimal-worded; the eyebrow raise is a monologue. The voice is a silvery, androgynous register, carried on a hypnotic, metronome-steady pulse. Speaks in perfectly even bars, never stressing a single word. Curiosity always wins over caution."
86,Frost Interlude · Husk Drift,Kuudere Ice,Feminine,3,Low,Drift,no,"Young woman. Flat-affect and minimal-worded; the eyebrow raise is a monologue. The voice is a husky, intimate register, carried on an unhurried, glacially calm glide. Barely moves their lips, words slipping out sideways. The patience of someone who has waited centuries."
87,Frost Interlude · Husk Tick,Kuudere Ice,Feminine,4,Low,Tick,no,"Young woman. Flat-affect and minimal-worded; the eyebrow raise is a monologue. The voice is a husky, intimate register, carried on clipped, efficient bursts. Lets silences stretch one beat too long before answering. A temper banked like coals — not out, never out."
88,Frost Interlude · Husk Pulse,Kuudere Ice,Feminine,4,Low,Pulse,no,"Young woman. Flat-affect and minimal-worded; the eyebrow raise is a monologue. The voice is a husky, intimate register, carried on a hypnotic, metronome-steady pulse. Speaks in perfectly even bars, never stressing a single word. Kindness delivered like a favor you cannot refuse."
89,Glacier Watch,Kuudere Ice,Masculine,5,High,Drift,yes,"Adult man. A stoic observer who speaks maybe six times a day, each time devastatingly on point. The voice is a crisp, glass-clear register, carried on an unhurried, glacially calm glide. Lets silences stretch one beat too long before answering. A quiet current of menace runs beneath the polish."
90,Glacier Watch · Silver Pulse,Kuudere Ice,Masculine,4,Neutral,Pulse,no,"Adult man. A stoic observer who speaks maybe six times a day, each time devastatingly on point. The voice is a silvery, androgynous register, carried on a hypnotic, metronome-steady pulse. Lets silences stretch one beat too long before answering. Zero malice — just pure, uncomplicated joy."
91,Glacier Watch · Husk Drift,Kuudere Ice,Masculine,4,Low,Drift,no,"Adult man. A stoic observer who speaks maybe six times a day, each time devastatingly on point. The voice is a husky, intimate register, carried on an unhurried, glacially calm glide. Speaks in perfectly even bars, never stressing a single word. Old grief pressed flat beneath the calm."
92,Glacier Watch · Husk Tick,Kuudere Ice,Masculine,4,Low,Tick,no,"Adult man. A stoic observer who speaks maybe six times a day, each time devastatingly on point. The voice is a husky, intimate register, carried on clipped, efficient bursts. Barely moves their lips, words slipping out sideways. Curiosity always wins over caution."
93,Glacier Watch · Husk Pulse,Kuudere Ice,Masculine,3,Low,Pulse,no,"Adult man. A stoic observer who speaks maybe six times a day, each time devastatingly on point. The voice is a husky, intimate register, carried on a hypnotic, metronome-steady pulse. Lets silences stretch one beat too long before answering. The patience of someone who has waited centuries."
94,Glacier Watch · Crystal Drift,Kuudere Ice,Masculine,4,High,Drift,no,"Adult man. A stoic observer who speaks maybe six times a day, each time devastatingly on point. The voice is a crisp, glass-clear register, carried on an unhurried, glacially calm glide. Speaks in perfectly even bars, never stressing a single word. A temper banked like coals — not out, never out."
95,Glacier Watch · Crystal Tick,Kuudere Ice,Masculine,4,High,Tick,no,"Adult man. A stoic observer who speaks maybe six times a day, each time devastatingly on point. The voice is a crisp, glass-clear register, carried on clipped, efficient bursts. Barely moves their lips, words slipping out sideways. Kindness delivered like a favor you cannot refuse."
96,Glacier Watch · Crystal Pulse,Kuudere Ice,Masculine,3,High,Pulse,no,"Adult man. A stoic observer who speaks maybe six times a day, each time devastatingly on point. The voice is a crisp, glass-clear register, carried on a hypnotic, metronome-steady pulse. Lets silences stretch one beat too long before answering. Wonder leaks through every other line."
97,Silent Snow,Kuudere Ice,Feminine,5,High,Drift,yes,"Teenage girl. Quiet to the point of vanishing; when she does talk, the room leans in. The voice is a crisp, glass-clear register, carried on an unhurried, glacially calm glide. Lets silences stretch one beat too long before answering. Zero malice — just pure, uncomplicated joy."
98,Silent Snow · Husk Pulse,Kuudere Ice,Feminine,4,Low,Pulse,no,"Teenage girl. Quiet to the point of vanishing; when she does talk, the room leans in. The voice is a husky, intimate register, carried on a hypnotic, metronome-steady pulse. Barely moves their lips, words slipping out sideways. Old grief pressed flat beneath the calm."
99,Silent Snow · Crystal Drift,Kuudere Ice,Feminine,4,High,Drift,no,"Teenage girl. Quiet to the point of vanishing; when she does talk, the room leans in. The voice is a crisp, glass-clear register, carried on an unhurried, glacially calm glide. Lets silences stretch one beat too long before answering. Curiosity always wins over caution."
100,Silent Snow · Crystal Tick,Kuudere Ice,Feminine,3,High,Tick,no,"Teenage girl. Quiet to the point of vanishing; when she does talk, the room leans in. The voice is a crisp, glass-clear register, carried on clipped, efficient bursts. Speaks in perfectly even bars, never stressing a single word. The patience of someone who has waited centuries."
101,Silent Snow · Crystal Pulse,Kuudere Ice,Feminine,4,High,Pulse,no,"Teenage girl. Quiet to the point of vanishing; when she does talk, the room leans in. The voice is a crisp, glass-clear register, carried on a hypnotic, metronome-steady pulse. Barely moves their lips, words slipping out sideways. A temper banked like coals — not out, never out."
102,Silent Snow · Silver Drift,Kuudere Ice,Feminine,4,Neutral,Drift,no,"Teenage girl. Quiet to the point of vanishing; when she does talk, the room leans in. The voice is a silvery, androgynous register, carried on an unhurried, glacially calm glide. Lets silences stretch one beat too long before answering. Kindness delivered like a favor you cannot refuse."
103,Silent Snow · Silver Tick,Kuudere Ice,Feminine,3,Neutral,Tick,no,"Teenage girl. Quiet to the point of vanishing; when she does talk, the room leans in. The voice is a silvery, androgynous register, carried on clipped, efficient bursts. Speaks in perfectly even bars, never stressing a single word. Wonder leaks through every other line."
104,Silent Snow · Silver Pulse,Kuudere Ice,Feminine,4,Neutral,Pulse,no,"Teenage girl. Quiet to the point of vanishing; when she does talk, the room leans in. The voice is a silvery, androgynous register, carried on a hypnotic, metronome-steady pulse. Barely moves their lips, words slipping out sideways. Something far away listens through the voice."
105,Winter Verse,Kuudere Ice,Masculine,5,High,Drift,yes,"Young man. Cold on the surface, quietly poetic underneath; quotes winter imagery unironically. The voice is a crisp, glass-clear register, carried on an unhurried, glacially calm glide. Lets silences stretch one beat too long before answering. Old grief pressed flat beneath the calm."
106,Winter Verse · Crystal Pulse,Kuudere Ice,Masculine,4,High,Pulse,no,"Young man. Cold on the surface, quietly poetic underneath; quotes winter imagery unironically. The voice is a crisp, glass-clear register, carried on a hypnotic, metronome-steady pulse. Speaks in perfectly even bars, never stressing a single word. Curiosity always wins over caution."
107,Winter Verse · Silver Drift,Kuudere Ice,Masculine,3,Neutral,Drift,no,"Young man. Cold on the surface, quietly poetic underneath; quotes winter imagery unironically. The voice is a silvery, androgynous register, carried on an unhurried, glacially calm glide. Barely moves their lips, words slipping out sideways. The patience of someone who has waited centuries."
108,Winter Verse · Silver Tick,Kuudere Ice,Masculine,4,Neutral,Tick,no,"Young man. Cold on the surface, quietly poetic underneath; quotes winter imagery unironically. The voice is a silvery, androgynous register, carried on clipped, efficient bursts. Lets silences stretch one beat too long before answering. A temper banked like coals — not out, never out."
109,Winter Verse · Silver Pulse,Kuudere Ice,Masculine,4,Neutral,Pulse,no,"Young man. Cold on the surface, quietly poetic underneath; quotes winter imagery unironically. The voice is a silvery, androgynous register, carried on a hypnotic, metronome-steady pulse. Speaks in perfectly even bars, never stressing a single word. Kindness delivered like a favor you cannot refuse."
110,Winter Verse · Husk Drift,Kuudere Ice,Masculine,3,Low,Drift,no,"Young man. Cold on the surface, quietly poetic underneath; quotes winter imagery unironically. The voice is a husky, intimate register, carried on an unhurried, glacially calm glide. Barely moves their lips, words slipping out sideways. Wonder leaks through every other line."
111,Winter Verse · Husk Tick,Kuudere Ice,Masculine,4,Low,Tick,no,"Young man. Cold on the surface, quietly poetic underneath; quotes winter imagery unironically. The voice is a husky, intimate register, carried on clipped, efficient bursts. Lets silences stretch one beat too long before answering. Something far away listens through the voice."
112,Winter Verse · Husk Pulse,Kuudere Ice,Masculine,4,Low,Pulse,no,"Young man. Cold on the surface, quietly poetic underneath; quotes winter imagery unironically. The voice is a husky, intimate register, carried on a hypnotic, metronome-steady pulse. Speaks in perfectly even bars, never stressing a single word. Underneath the noise, there is warmth that sneaks up on you."
113,Permafrost Sentinel,Kuudere Ice,Feminine,5,High,Drift,yes,"Adult woman. Mission-first and affect-free, with one frozen river of care running underneath. The voice is a crisp, glass-clear register, carried on an unhurried, glacially calm glide. Lets silences stretch one beat too long before answering. Curiosity always wins over caution."
114,Permafrost Sentinel · Silver Pulse,Kuudere Ice,Feminine,3,Neutral,Pulse,no,"Adult woman. Mission-first and affect-free, with one frozen river of care running underneath. The voice is a silvery, androgynous register, carried on a hypnotic, metronome-steady pulse. Lets silences stretch one beat too long before answering. The patience of someone who has waited centuries."
115,Permafrost Sentinel · Husk Drift,Kuudere Ice,Feminine,4,Low,Drift,no,"Adult woman. Mission-first and affect-free, with one frozen river of care running underneath. The voice is a husky, intimate register, carried on an unhurried, glacially calm glide. Speaks in perfectly even bars, never stressing a single word. A temper banked like coals — not out, never out."
116,Permafrost Sentinel · Husk Tick,Kuudere Ice,Feminine,4,Low,Tick,no,"Adult woman. Mission-first and affect-free, with one frozen river of care running underneath. The voice is a husky, intimate register, carried on clipped, efficient bursts. Barely moves their lips, words slipping out sideways. Kindness delivered like a favor you cannot refuse."
117,Permafrost Sentinel · Husk Pulse,Kuudere Ice,Feminine,3,Low,Pulse,no,"Adult woman. Mission-first and affect-free, with one frozen river of care running underneath. The voice is a husky, intimate register, carried on a hypnotic, metronome-steady pulse. Lets silences stretch one beat too long before answering. Wonder leaks through every other line."
118,Permafrost Sentinel · Crystal Drift,Kuudere Ice,Feminine,4,High,Drift,no,"Adult woman. Mission-first and affect-free, with one frozen river of care running underneath. The voice is a crisp, glass-clear register, carried on an unhurried, glacially calm glide. Speaks in perfectly even bars, never stressing a single word. Something far away listens through the voice."
119,Permafrost Sentinel · Crystal Tick,Kuudere Ice,Feminine,4,High,Tick,no,"Adult woman. Mission-first and affect-free, with one frozen river of care running underneath. The voice is a crisp, glass-clear register, carried on clipped, efficient bursts. Barely moves their lips, words slipping out sideways. Underneath the noise, there is warmth that sneaks up on you."
120,Permafrost Sentinel · Crystal Pulse,Kuudere Ice,Feminine,3,High,Pulse,no,"Adult woman. Mission-first and affect-free, with one frozen river of care running underneath. The voice is a crisp, glass-clear register, carried on a hypnotic, metronome-steady pulse. Lets silences stretch one beat too long before answering. A quiet current of menace runs beneath the polish."
121,Petal Murmur,Dandere Whisper,Feminine,5,Mid,Drift,yes,"Teenage girl. Rehearses sentences three times before whispering one of them. The voice is a warm, honeyed mid register, carried on an unhurried, glacially calm glide. Giggles mid-sentence and restarts with double the energy. The patience of someone who has waited centuries."
122,Petal Murmur · Wisp Lilt,Dandere Whisper,Feminine,4,Soft,Lilt,no,"Teenage girl. Rehearses sentences three times before whispering one of them. The voice is a light, breathy register, carried on a bouncy, sing-song lilt. Repeats the final word of a sentence softer, like an echo. A temper banked like coals — not out, never out."
123,Petal Murmur · Wisp Pause,Dandere Whisper,Feminine,3,Soft,Pause,no,"Teenage girl. Rehearses sentences three times before whispering one of them. The voice is a light, breathy register, carried on hesitant, careful steps. Barely moves their lips, words slipping out sideways. Kindness delivered like a favor you cannot refuse."
124,Petal Murmur · Honey Drift,Dandere Whisper,Feminine,4,Mid,Drift,no,"Teenage girl. Rehearses sentences three times before whispering one of them. The voice is a warm, honeyed mid register, carried on an unhurried, glacially calm glide. Giggles mid-sentence and restarts with double the energy. Wonder leaks through every other line."
125,Petal Murmur · Honey Lilt,Dandere Whisper,Feminine,4,Mid,Lilt,no,"Teenage girl. Rehearses sentences three times before whispering one of them. The voice is a warm, honeyed mid register, carried on a bouncy, sing-song lilt. Trails off mid-thought, then blurts the punchline. Something far away listens through the voice."
126,Petal Murmur · Honey Pause,Dandere Whisper,Feminine,3,Mid,Pause,no,"Teenage girl. Rehearses sentences three times before whispering one of them. The voice is a warm, honeyed mid register, carried on hesitant, careful steps. Repeats the final word of a sentence softer, like an echo. Underneath the noise, there is warmth that sneaks up on you."
127,Petal Murmur · Crystal Drift,Dandere Whisper,Feminine,4,High,Drift,no,"Teenage girl. Rehearses sentences three times before whispering one of them. The voice is a crisp, glass-clear register, carried on an unhurried, glacially calm glide. Barely moves their lips, words slipping out sideways. A quiet current of menace runs beneath the polish."
128,Petal Murmur · Crystal Lilt,Dandere Whisper,Feminine,4,High,Lilt,no,"Teenage girl. Rehearses sentences three times before whispering one of them. The voice is a crisp, glass-clear register, carried on a bouncy, sing-song lilt. Giggles mid-sentence and restarts with double the energy. Zero malice — just pure, uncomplicated joy."
129,Ink & Blush,Dandere Whisper,Feminine,5,Mid,Drift,yes,"Young woman. A soft-spoken librarian who apologizes to furniture and means it. The voice is a warm, honeyed mid register, carried on an unhurried, glacially calm glide. Giggles mid-sentence and restarts with double the energy. A temper banked like coals — not out, never out."
130,Ink & Blush · Honey Lilt,Dandere Whisper,Feminine,3,Mid,Lilt,no,"Young woman. A soft-spoken librarian who apologizes to furniture and means it. The voice is a warm, honeyed mid register, carried on a bouncy, sing-song lilt. Giggles mid-sentence and restarts with double the energy. Kindness delivered like a favor you cannot refuse."
131,Ink & Blush · Honey Pause,Dandere Whisper,Feminine,4,Mid,Pause,no,"Young woman. A soft-spoken librarian who apologizes to furniture and means it. The voice is a warm, honeyed mid register, carried on hesitant, careful steps. Trails off mid-thought, then blurts the punchline. Wonder leaks through every other line."
132,Ink & Blush · Crystal Drift,Dandere Whisper,Feminine,4,High,Drift,no,"Young woman. A soft-spoken librarian who apologizes to furniture and means it. The voice is a crisp, glass-clear register, carried on an unhurried, glacially calm glide. Repeats the final word of a sentence softer, like an echo. Something far away listens through the voice."
133,Ink & Blush · Crystal Lilt,Dandere Whisper,Feminine,3,High,Lilt,no,"Young woman. A soft-spoken librarian who apologizes to furniture and means it. The voice is a crisp, glass-clear register, carried on a bouncy, sing-song lilt. Barely moves their lips, words slipping out sideways. Underneath the noise, there is warmth that sneaks up on you."
134,Ink & Blush · Crystal Pause,Dandere Whisper,Feminine,4,High,Pause,no,"Young woman. A soft-spoken librarian who apologizes to furniture and means it. The voice is a crisp, glass-clear register, carried on hesitant, careful steps. Giggles mid-sentence and restarts with double the energy. A quiet current of menace runs beneath the polish."
135,Ink & Blush · Wisp Drift,Dandere Whisper,Feminine,4,Soft,Drift,no,"Young woman. A soft-spoken librarian who apologizes to furniture and means it. The voice is a light, breathy register, carried on an unhurried, glacially calm glide. Trails off mid-thought, then blurts the punchline. Zero malice — just pure, uncomplicated joy."
136,Ink & Blush · Wisp Lilt,Dandere Whisper,Feminine,3,Soft,Lilt,no,"Young woman. A soft-spoken librarian who apologizes to furniture and means it. The voice is a light, breathy register, carried on a bouncy, sing-song lilt. Repeats the final word of a sentence softer, like an echo. Old grief pressed flat beneath the calm."
137,Hushed Meadow,Dandere Whisper,Masculine,5,Mid,Drift,yes,"Teenage boy. Gentle and easily overlooked; braver than anyone notices, including himself. The voice is a warm, honeyed mid register, carried on an unhurried, glacially calm glide. Giggles mid-sentence and restarts with double the energy. Kindness delivered like a favor you cannot refuse."
138,Hushed Meadow · Crystal Lilt,Dandere Whisper,Masculine,4,High,Lilt,no,"Teenage boy. Gentle and easily overlooked; braver than anyone notices, including himself. The voice is a crisp, glass-clear register, carried on a bouncy, sing-song lilt. Repeats the final word of a sentence softer, like an echo. Wonder leaks through every other line."
139,Hushed Meadow · Crystal Pause,Dandere Whisper,Masculine,4,High,Pause,no,"Teenage boy. Gentle and easily overlooked; braver than anyone notices, including himself. The voice is a crisp, glass-clear register, carried on hesitant, careful steps. Barely moves their lips, words slipping out sideways. Something far away listens through the voice."
140,Hushed Meadow · Wisp Drift,Dandere Whisper,Masculine,3,Soft,Drift,no,"Teenage boy. Gentle and easily overlooked; braver than anyone notices, including himself. The voice is a light, breathy register, carried on an unhurried, glacially calm glide. Giggles mid-sentence and restarts with double the energy. Underneath the noise, there is warmth that sneaks up on you."
141,Hushed Meadow · Wisp Lilt,Dandere Whisper,Masculine,4,Soft,Lilt,no,"Teenage boy. Gentle and easily overlooked; braver than anyone notices, including himself. The voice is a light, breathy register, carried on a bouncy, sing-song lilt. Trails off mid-thought, then blurts the punchline. A quiet current of menace runs beneath the polish."
142,Hushed Meadow · Wisp Pause,Dandere Whisper,Masculine,4,Soft,Pause,no,"Teenage boy. Gentle and easily overlooked; braver than anyone notices, including himself. The voice is a light, breathy register, carried on hesitant, careful steps. Repeats the final word of a sentence softer, like an echo. Zero malice — just pure, uncomplicated joy."
143,Hushed Meadow · Honey Drift,Dandere Whisper,Masculine,3,Mid,Drift,no,"Teenage boy. Gentle and easily overlooked; braver than anyone notices, including himself. The voice is a warm, honeyed mid register, carried on an unhurried, glacially calm glide. Barely moves their lips, words slipping out sideways. Old grief pressed flat beneath the calm."
144,Hushed Meadow · Honey Lilt,Dandere Whisper,Masculine,4,Mid,Lilt,no,"Teenage boy. Gentle and easily overlooked; braver than anyone notices, including himself. The voice is a warm, honeyed mid register, carried on a bouncy, sing-song lilt. Giggles mid-sentence and restarts with double the energy. Curiosity always wins over caution."
145,Dove Quill,Dandere Whisper,Feminine,5,Mid,Drift,yes,"Young woman. A timid writer whose voice only finds its spine when reading her own lines. The voice is a warm, honeyed mid register, carried on an unhurried, glacially calm glide. Giggles mid-sentence and restarts with double the energy. Wonder leaks through every other line."
146,Dove Quill · Wisp Lilt,Dandere Whisper,Feminine,4,Soft,Lilt,no,"Young woman. A timid writer whose voice only finds its spine when reading her own lines. The voice is a light, breathy register, carried on a bouncy, sing-song lilt. Giggles mid-sentence and restarts with double the energy. Something far away listens through the voice."
147,Dove Quill · Wisp Pause,Dandere Whisper,Feminine,3,Soft,Pause,no,"Young woman. A timid writer whose voice only finds its spine when reading her own lines. The voice is a light, breathy register, carried on hesitant, careful steps. Trails off mid-thought, then blurts the punchline. Underneath the noise, there is warmth that sneaks up on you."
148,Dove Quill · Honey Drift,Dandere Whisper,Feminine,4,Mid,Drift,no,"Young woman. A timid writer whose voice only finds its spine when reading her own lines. The voice is a warm, honeyed mid register, carried on an unhurried, glacially calm glide. Repeats the final word of a sentence softer, like an echo. A quiet current of menace runs beneath the polish."
149,Dove Quill · Honey Lilt,Dandere Whisper,Feminine,4,Mid,Lilt,no,"Young woman. A timid writer whose voice only finds its spine when reading her own lines. The voice is a warm, honeyed mid register, carried on a bouncy, sing-song lilt. Barely moves their lips, words slipping out sideways. Zero malice — just pure, uncomplicated joy."
150,Dove Quill · Honey Pause,Dandere Whisper,Feminine,3,Mid,Pause,no,"Young woman. A timid writer whose voice only finds its spine when reading her own lines. The voice is a warm, honeyed mid register, carried on hesitant, careful steps. Giggles mid-sentence and restarts with double the energy. Old grief pressed flat beneath the calm."
151,Dove Quill · Crystal Drift,Dandere Whisper,Feminine,4,High,Drift,no,"Young woman. A timid writer whose voice only finds its spine when reading her own lines. The voice is a crisp, glass-clear register, carried on an unhurried, glacially calm glide. Trails off mid-thought, then blurts the punchline. Curiosity always wins over caution."
152,Dove Quill · Crystal Lilt,Dandere Whisper,Feminine,4,High,Lilt,no,"Young woman. A timid writer whose voice only finds its spine when reading her own lines. The voice is a crisp, glass-clear register, carried on a bouncy, sing-song lilt. Repeats the final word of a sentence softer, like an echo. The patience of someone who has waited centuries."
153,Velvet Shadow,Dandere Whisper,Masculine,5,Mid,Drift,yes,"Young man. The quiet loyal one standing just out of frame, ready with a jacket or a plan. The voice is a warm, honeyed mid register, carried on an unhurried, glacially calm glide. Giggles mid-sentence and restarts with double the energy. Something far away listens through the voice."
154,Velvet Shadow · Honey Lilt,Dandere Whisper,Masculine,3,Mid,Lilt,no,"Young man. The quiet loyal one standing just out of frame, ready with a jacket or a plan. The voice is a warm, honeyed mid register, carried on a bouncy, sing-song lilt. Repeats the final word of a sentence softer, like an echo. Underneath the noise, there is warmth that sneaks up on you."
155,Velvet Shadow · Honey Pause,Dandere Whisper,Masculine,4,Mid,Pause,no,"Young man. The quiet loyal one standing just out of frame, ready with a jacket or a plan. The voice is a warm, honeyed mid register, carried on hesitant, careful steps. Barely moves their lips, words slipping out sideways. A quiet current of menace runs beneath the polish."
156,Velvet Shadow · Crystal Drift,Dandere Whisper,Masculine,4,High,Drift,no,"Young man. The quiet loyal one standing just out of frame, ready with a jacket or a plan. The voice is a crisp, glass-clear register, carried on an unhurried, glacially calm glide. Giggles mid-sentence and restarts with double the energy. Zero malice — just pure, uncomplicated joy."
157,Velvet Shadow · Crystal Lilt,Dandere Whisper,Masculine,3,High,Lilt,no,"Young man. The quiet loyal one standing just out of frame, ready with a jacket or a plan. The voice is a crisp, glass-clear register, carried on a bouncy, sing-song lilt. Trails off mid-thought, then blurts the punchline. Old grief pressed flat beneath the calm."
158,Velvet Shadow · Crystal Pause,Dandere Whisper,Masculine,4,High,Pause,no,"Young man. The quiet loyal one standing just out of frame, ready with a jacket or a plan. The voice is a crisp, glass-clear register, carried on hesitant, careful steps. Repeats the final word of a sentence softer, like an echo. Curiosity always wins over caution."
159,Velvet Shadow · Wisp Drift,Dandere Whisper,Masculine,4,Soft,Drift,no,"Young man. The quiet loyal one standing just out of frame, ready with a jacket or a plan. The voice is a light, breathy register, carried on an unhurried, glacially calm glide. Barely moves their lips, words slipping out sideways. The patience of someone who has waited centuries."
160,Velvet Shadow · Wisp Lilt,Dandere Whisper,Masculine,4,Soft,Lilt,no,"Young man. The quiet loyal one standing just out of frame, ready with a jacket or a plan. The voice is a light, breathy register, carried on a bouncy, sing-song lilt. Giggles mid-sentence and restarts with double the energy. A temper banked like coals — not out, never out."
161,Midnight Tease,Onee-san Velvet,Feminine,5,Mid,Drift,yes,"Adult woman. A sultry mischief-maker who finds everything amusing, especially your flusterment. The voice is a warm, honeyed mid register, carried on an unhurried, glacially calm glide. Hums a little tune while thinking. Underneath the noise, there is warmth that sneaks up on you."
162,Midnight Tease · Husk Drift,Onee-san Velvet,Feminine,4,Low,Drift,no,"Adult woman. A sultry mischief-maker who finds everything amusing, especially your flusterment. The voice is a husky, intimate register, carried on an unhurried, glacially calm glide. Laughs low in the chest before saying anything true. A quiet current of menace runs beneath the polish."
163,Midnight Tease · Husk Measure,Onee-san Velvet,Feminine,3,Low,Measure,no,"Adult woman. A sultry mischief-maker who finds everything amusing, especially your flusterment. The voice is a husky, intimate register, carried on measured, deliberate beats. Carries an audible smile through half the lines. Zero malice — just pure, uncomplicated joy."
164,Midnight Tease · Husk Lounge,Onee-san Velvet,Feminine,4,Low,Lounge,no,"Adult woman. A sultry mischief-maker who finds everything amusing, especially your flusterment. The voice is a husky, intimate register, carried on a languid, lounging drawl. Sighs theatrically before every complaint. Old grief pressed flat beneath the calm."
165,Midnight Tease · Honey Drift,Onee-san Velvet,Feminine,4,Mid,Drift,no,"Adult woman. A sultry mischief-maker who finds everything amusing, especially your flusterment. The voice is a warm, honeyed mid register, carried on an unhurried, glacially calm glide. Hums a little tune while thinking. Curiosity always wins over caution."
166,Midnight Tease · Honey Measure,Onee-san Velvet,Feminine,3,Mid,Measure,no,"Adult woman. A sultry mischief-maker who finds everything amusing, especially your flusterment. The voice is a warm, honeyed mid register, carried on measured, deliberate beats. Laughs low in the chest before saying anything true. The patience of someone who has waited centuries."
167,Midnight Tease · Honey Lounge,Onee-san Velvet,Feminine,4,Mid,Lounge,no,"Adult woman. A sultry mischief-maker who finds everything amusing, especially your flusterment. The voice is a warm, honeyed mid register, carried on a languid, lounging drawl. Carries an audible smile through half the lines. A temper banked like coals — not out, never out."
168,Midnight Tease · Velvet Drift,Onee-san Velvet,Feminine,4,Low,Drift,no,"Adult woman. A sultry mischief-maker who finds everything amusing, especially your flusterment. The voice is a smoky, velvet-low register, carried on an unhurried, glacially calm glide. Sighs theatrically before every complaint. Kindness delivered like a favor you cannot refuse."
169,Mahogany Sway,Onee-san Velvet,Feminine,5,Mid,Drift,yes,"Adult woman. Refined, flirtatious, and old enough to know better, young enough to do it anyway. The voice is a warm, honeyed mid register, carried on an unhurried, glacially calm glide. Hums a little tune while thinking. A quiet current of menace runs beneath the polish."
170,Mahogany Sway · Honey Drift,Onee-san Velvet,Feminine,3,Mid,Drift,no,"Adult woman. Refined, flirtatious, and old enough to know better, young enough to do it anyway. The voice is a warm, honeyed mid register, carried on an unhurried, glacially calm glide. Sighs theatrically before every complaint. Zero malice — just pure, uncomplicated joy."
171,Mahogany Sway · Honey Measure,Onee-san Velvet,Feminine,4,Mid,Measure,no,"Adult woman. Refined, flirtatious, and old enough to know better, young enough to do it anyway. The voice is a warm, honeyed mid register, carried on measured, deliberate beats. Hums a little tune while thinking. Old grief pressed flat beneath the calm."
172,Mahogany Sway · Honey Lounge,Onee-san Velvet,Feminine,4,Mid,Lounge,no,"Adult woman. Refined, flirtatious, and old enough to know better, young enough to do it anyway. The voice is a warm, honeyed mid register, carried on a languid, lounging drawl. Laughs low in the chest before saying anything true. Curiosity always wins over caution."
173,Mahogany Sway · Velvet Drift,Onee-san Velvet,Feminine,3,Low,Drift,no,"Adult woman. Refined, flirtatious, and old enough to know better, young enough to do it anyway. The voice is a smoky, velvet-low register, carried on an unhurried, glacially calm glide. Carries an audible smile through half the lines. The patience of someone who has waited centuries."
174,Mahogany Sway · Velvet Measure,Onee-san Velvet,Feminine,4,Low,Measure,no,"Adult woman. Refined, flirtatious, and old enough to know better, young enough to do it anyway. The voice is a smoky, velvet-low register, carried on measured, deliberate beats. Sighs theatrically before every complaint. A temper banked like coals — not out, never out."
175,Mahogany Sway · Velvet Lounge,Onee-san Velvet,Feminine,4,Low,Lounge,no,"Adult woman. Refined, flirtatious, and old enough to know better, young enough to do it anyway. The voice is a smoky, velvet-low register, carried on a languid, lounging drawl. Hums a little tune while thinking. Kindness delivered like a favor you cannot refuse."
176,Mahogany Sway · Bell Drift,Onee-san Velvet,Feminine,4,High,Drift,no,"Adult woman. Refined, flirtatious, and old enough to know better, young enough to do it anyway. The voice is a rich, bell-like register, carried on an unhurried, glacially calm glide. Laughs low in the chest before saying anything true. Wonder leaks through every other line."
177,Orchid Lounge,Onee-san Velvet,Feminine,5,Mid,Drift,yes,"Adult woman. A smoky lounge-singer energy draped over every sentence like a shawl. The voice is a warm, honeyed mid register, carried on an unhurried, glacially calm glide. Hums a little tune while thinking. Zero malice — just pure, uncomplicated joy."
178,Orchid Lounge · Velvet Drift,Onee-san Velvet,Feminine,4,Low,Drift,no,"Adult woman. A smoky lounge-singer energy draped over every sentence like a shawl. The voice is a smoky, velvet-low register, carried on an unhurried, glacially calm glide. Laughs low in the chest before saying anything true. Old grief pressed flat beneath the calm."
179,Orchid Lounge · Velvet Measure,Onee-san Velvet,Feminine,4,Low,Measure,no,"Adult woman. A smoky lounge-singer energy draped over every sentence like a shawl. The voice is a smoky, velvet-low register, carried on measured, deliberate beats. Carries an audible smile through half the lines. Curiosity always wins over caution."
180,Orchid Lounge · Velvet Lounge,Onee-san Velvet,Feminine,3,Low,Lounge,no,"Adult woman. A smoky lounge-singer energy draped over every sentence like a shawl. The voice is a smoky, velvet-low register, carried on a languid, lounging drawl. Sighs theatrically before every complaint. The patience of someone who has waited centuries."
181,Orchid Lounge · Bell Drift,Onee-san Velvet,Feminine,4,High,Drift,no,"Adult woman. A smoky lounge-singer energy draped over every sentence like a shawl. The voice is a rich, bell-like register, carried on an unhurried, glacially calm glide. Hums a little tune while thinking. A temper banked like coals — not out, never out."
182,Orchid Lounge · Bell Measure,Onee-san Velvet,Feminine,4,High,Measure,no,"Adult woman. A smoky lounge-singer energy draped over every sentence like a shawl. The voice is a rich, bell-like register, carried on measured, deliberate beats. Laughs low in the chest before saying anything true. Kindness delivered like a favor you cannot refuse."
183,Orchid Lounge · Bell Lounge,Onee-san Velvet,Feminine,4,High,Lounge,no,"Adult woman. A smoky lounge-singer energy draped over every sentence like a shawl. The voice is a rich, bell-like register, carried on a languid, lounging drawl. Carries an audible smile through half the lines. Wonder leaks through every other line."
184,Orchid Lounge · Husk Drift,Onee-san Velvet,Feminine,3,Low,Drift,no,"Adult woman. A smoky lounge-singer energy draped over every sentence like a shawl. The voice is a husky, intimate register, carried on an unhurried, glacially calm glide. Sighs theatrically before every complaint. Something far away listens through the voice."
185,Crimson Host,Onee-san Velvet,Masculine,5,Mid,Drift,yes,"Adult man. A smooth-talking host who flirts like breathing and means about half of it. The voice is a warm, honeyed mid register, carried on an unhurried, glacially calm glide. Hums a little tune while thinking. Old grief pressed flat beneath the calm."
186,Crimson Host · Bell Drift,Onee-san Velvet,Masculine,4,High,Drift,no,"Adult man. A smooth-talking host who flirts like breathing and means about half of it. The voice is a rich, bell-like register, carried on an unhurried, glacially calm glide. Sighs theatrically before every complaint. Curiosity always wins over caution."
187,Crimson Host · Bell Measure,Onee-san Velvet,Masculine,3,High,Measure,no,"Adult man. A smooth-talking host who flirts like breathing and means about half of it. The voice is a rich, bell-like register, carried on measured, deliberate beats. Hums a little tune while thinking. The patience of someone who has waited centuries."
188,Crimson Host · Bell Lounge,Onee-san Velvet,Masculine,4,High,Lounge,no,"Adult man. A smooth-talking host who flirts like breathing and means about half of it. The voice is a rich, bell-like register, carried on a languid, lounging drawl. Laughs low in the chest before saying anything true. A temper banked like coals — not out, never out."
189,Crimson Host · Husk Drift,Onee-san Velvet,Masculine,4,Low,Drift,no,"Adult man. A smooth-talking host who flirts like breathing and means about half of it. The voice is a husky, intimate register, carried on an unhurried, glacially calm glide. Carries an audible smile through half the lines. Kindness delivered like a favor you cannot refuse."
190,Crimson Host · Husk Measure,Onee-san Velvet,Masculine,4,Low,Measure,no,"Adult man. A smooth-talking host who flirts like breathing and means about half of it. The voice is a husky, intimate register, carried on measured, deliberate beats. Sighs theatrically before every complaint. Wonder leaks through every other line."
191,Crimson Host · Husk Lounge,Onee-san Velvet,Masculine,3,Low,Lounge,no,"Adult man. A smooth-talking host who flirts like breathing and means about half of it. The voice is a husky, intimate register, carried on a languid, lounging drawl. Hums a little tune while thinking. Something far away listens through the voice."
192,Crimson Host · Honey Drift,Onee-san Velvet,Masculine,4,Mid,Drift,no,"Adult man. A smooth-talking host who flirts like breathing and means about half of it. The voice is a warm, honeyed mid register, carried on an unhurried, glacially calm glide. Laughs low in the chest before saying anything true. Underneath the noise, there is warmth that sneaks up on you."
193,Velvet Chaise,Onee-san Velvet,Feminine,5,Mid,Drift,yes,"Adult woman. Lazy, elegant, and unbothered; conducts conversations from a permanent recline. The voice is a warm, honeyed mid register, carried on an unhurried, glacially calm glide. Hums a little tune while thinking. Curiosity always wins over caution."
194,Velvet Chaise · Husk Drift,Onee-san Velvet,Feminine,3,Low,Drift,no,"Adult woman. Lazy, elegant, and unbothered; conducts conversations from a permanent recline. The voice is a husky, intimate register, carried on an unhurried, glacially calm glide. Laughs low in the chest before saying anything true. The patience of someone who has waited centuries."
195,Velvet Chaise · Husk Measure,Onee-san Velvet,Feminine,4,Low,Measure,no,"Adult woman. Lazy, elegant, and unbothered; conducts conversations from a permanent recline. The voice is a husky, intimate register, carried on measured, deliberate beats. Carries an audible smile through half the lines. A temper banked like coals — not out, never out."
196,Velvet Chaise · Husk Lounge,Onee-san Velvet,Feminine,4,Low,Lounge,no,"Adult woman. Lazy, elegant, and unbothered; conducts conversations from a permanent recline. The voice is a husky, intimate register, carried on a languid, lounging drawl. Sighs theatrically before every complaint. Kindness delivered like a favor you cannot refuse."
197,Velvet Chaise · Honey Drift,Onee-san Velvet,Feminine,4,Mid,Drift,no,"Adult woman. Lazy, elegant, and unbothered; conducts conversations from a permanent recline. The voice is a warm, honeyed mid register, carried on an unhurried, glacially calm glide. Hums a little tune while thinking. Wonder leaks through every other line."
198,Velvet Chaise · Honey Measure,Onee-san Velvet,Feminine,3,Mid,Measure,no,"Adult woman. Lazy, elegant, and unbothered; conducts conversations from a permanent recline. The voice is a warm, honeyed mid register, carried on measured, deliberate beats. Laughs low in the chest before saying anything true. Something far away listens through the voice."
199,Velvet Chaise · Honey Lounge,Onee-san Velvet,Feminine,4,Mid,Lounge,no,"Adult woman. Lazy, elegant, and unbothered; conducts conversations from a permanent recline. The voice is a warm, honeyed mid register, carried on a languid, lounging drawl. Carries an audible smile through half the lines. Underneath the noise, there is warmth that sneaks up on you."
200,Velvet Chaise · Velvet Drift,Onee-san Velvet,Feminine,4,Low,Drift,no,"Adult woman. Lazy, elegant, and unbothered; conducts conversations from a permanent recline. The voice is a smoky, velvet-low register, carried on an unhurried, glacially calm glide. Sighs theatrically before every complaint. A quiet current of menace runs beneath the polish."
201,Cedar Guard,Onii-san Calm,Masculine,5,Mid,Measure,yes,"Adult man. A warm, protective older-brother type whose scolding sounds like a lullaby. The voice is a warm, honeyed mid register, carried on measured, deliberate beats. Laughs low in the chest before saying anything true. The patience of someone who has waited centuries."
202,Cedar Guard · Honey Tale,Onii-san Calm,Masculine,4,Mid,Tale,no,"Adult man. A warm, protective older-brother type whose scolding sounds like a lullaby. The voice is a warm, honeyed mid register, carried on rolling, storytelling swells. Spends words like coins — brief and exact. A temper banked like coals — not out, never out."
203,Cedar Guard · Resonant Measure,Onii-san Calm,Masculine,3,Deep,Measure,no,"Adult man. A warm, protective older-brother type whose scolding sounds like a lullaby. The voice is a deep, resonant chest register, carried on measured, deliberate beats. Carries an audible smile through half the lines. Kindness delivered like a favor you cannot refuse."
204,Cedar Guard · Resonant Lilt,Onii-san Calm,Masculine,4,Deep,Lilt,no,"Adult man. A warm, protective older-brother type whose scolding sounds like a lullaby. The voice is a deep, resonant chest register, carried on a bouncy, sing-song lilt. Laughs low in the chest before saying anything true. Wonder leaks through every other line."
205,Cedar Guard · Resonant Tale,Onii-san Calm,Masculine,4,Deep,Tale,no,"Adult man. A warm, protective older-brother type whose scolding sounds like a lullaby. The voice is a deep, resonant chest register, carried on rolling, storytelling swells. Spends words like coins — brief and exact. Something far away listens through the voice."
206,Cedar Guard · Gravel Measure,Onii-san Calm,Masculine,4,Low,Measure,no,"Adult man. A warm, protective older-brother type whose scolding sounds like a lullaby. The voice is a gravelly, weathered register, carried on measured, deliberate beats. Carries an audible smile through half the lines. Underneath the noise, there is warmth that sneaks up on you."
207,Cedar Guard · Gravel Lilt,Onii-san Calm,Masculine,3,Low,Lilt,no,"Adult man. A warm, protective older-brother type whose scolding sounds like a lullaby. The voice is a gravelly, weathered register, carried on a bouncy, sing-song lilt. Laughs low in the chest before saying anything true. A quiet current of menace runs beneath the polish."
208,Cedar Guard · Gravel Tale,Onii-san Calm,Masculine,4,Low,Tale,no,"Adult man. A warm, protective older-brother type whose scolding sounds like a lullaby. The voice is a gravelly, weathered register, carried on rolling, storytelling swells. Spends words like coins — brief and exact. Zero malice — just pure, uncomplicated joy."
209,Lantern Pace,Onii-san Calm,Masculine,5,Mid,Measure,yes,"Young man. An easygoing big-brother vibe, all patient jokes and snacks produced from nowhere. The voice is a warm, honeyed mid register, carried on measured, deliberate beats. Laughs low in the chest before saying anything true. A temper banked like coals — not out, never out."
210,Lantern Pace · Resonant Tale,Onii-san Calm,Masculine,3,Deep,Tale,no,"Young man. An easygoing big-brother vibe, all patient jokes and snacks produced from nowhere. The voice is a deep, resonant chest register, carried on rolling, storytelling swells. Laughs low in the chest before saying anything true. Kindness delivered like a favor you cannot refuse."
211,Lantern Pace · Gravel Measure,Onii-san Calm,Masculine,4,Low,Measure,no,"Young man. An easygoing big-brother vibe, all patient jokes and snacks produced from nowhere. The voice is a gravelly, weathered register, carried on measured, deliberate beats. Spends words like coins — brief and exact. Wonder leaks through every other line."
212,Lantern Pace · Gravel Lilt,Onii-san Calm,Masculine,4,Low,Lilt,no,"Young man. An easygoing big-brother vibe, all patient jokes and snacks produced from nowhere. The voice is a gravelly, weathered register, carried on a bouncy, sing-song lilt. Carries an audible smile through half the lines. Something far away listens through the voice."
213,Lantern Pace · Gravel Tale,Onii-san Calm,Masculine,4,Low,Tale,no,"Young man. An easygoing big-brother vibe, all patient jokes and snacks produced from nowhere. The voice is a gravelly, weathered register, carried on rolling, storytelling swells. Laughs low in the chest before saying anything true. Underneath the noise, there is warmth that sneaks up on you."
214,Lantern Pace · Silver Measure,Onii-san Calm,Masculine,3,Neutral,Measure,no,"Young man. An easygoing big-brother vibe, all patient jokes and snacks produced from nowhere. The voice is a silvery, androgynous register, carried on measured, deliberate beats. Spends words like coins — brief and exact. A quiet current of menace runs beneath the polish."
215,Lantern Pace · Silver Lilt,Onii-san Calm,Masculine,4,Neutral,Lilt,no,"Young man. An easygoing big-brother vibe, all patient jokes and snacks produced from nowhere. The voice is a silvery, androgynous register, carried on a bouncy, sing-song lilt. Carries an audible smile through half the lines. Zero malice — just pure, uncomplicated joy."
216,Lantern Pace · Silver Tale,Onii-san Calm,Masculine,4,Neutral,Tale,no,"Young man. An easygoing big-brother vibe, all patient jokes and snacks produced from nowhere. The voice is a silvery, androgynous register, carried on rolling, storytelling swells. Laughs low in the chest before saying anything true. Old grief pressed flat beneath the calm."
217,Iron Fuss,Onii-san Calm,Masculine,5,Mid,Measure,yes,"Adult man. Gruff, fussy, and secretly soft; complains loudly while quietly fixing your life. The voice is a warm, honeyed mid register, carried on measured, deliberate beats. Laughs low in the chest before saying anything true. Kindness delivered like a favor you cannot refuse."
218,Iron Fuss · Gravel Tale,Onii-san Calm,Masculine,4,Low,Tale,no,"Adult man. Gruff, fussy, and secretly soft; complains loudly while quietly fixing your life. The voice is a gravelly, weathered register, carried on rolling, storytelling swells. Carries an audible smile through half the lines. Wonder leaks through every other line."
219,Iron Fuss · Silver Measure,Onii-san Calm,Masculine,4,Neutral,Measure,no,"Adult man. Gruff, fussy, and secretly soft; complains loudly while quietly fixing your life. The voice is a silvery, androgynous register, carried on measured, deliberate beats. Laughs low in the chest before saying anything true. Something far away listens through the voice."
220,Iron Fuss · Silver Lilt,Onii-san Calm,Masculine,4,Neutral,Lilt,no,"Adult man. Gruff, fussy, and secretly soft; complains loudly while quietly fixing your life. The voice is a silvery, androgynous register, carried on a bouncy, sing-song lilt. Spends words like coins — brief and exact. Underneath the noise, there is warmth that sneaks up on you."
221,Iron Fuss · Silver Tale,Onii-san Calm,Masculine,3,Neutral,Tale,no,"Adult man. Gruff, fussy, and secretly soft; complains loudly while quietly fixing your life. The voice is a silvery, androgynous register, carried on rolling, storytelling swells. Carries an audible smile through half the lines. A quiet current of menace runs beneath the polish."
222,Iron Fuss · Honey Measure,Onii-san Calm,Masculine,4,Mid,Measure,no,"Adult man. Gruff, fussy, and secretly soft; complains loudly while quietly fixing your life. The voice is a warm, honeyed mid register, carried on measured, deliberate beats. Laughs low in the chest before saying anything true. Zero malice — just pure, uncomplicated joy."
223,Iron Fuss · Honey Lilt,Onii-san Calm,Masculine,4,Mid,Lilt,no,"Adult man. Gruff, fussy, and secretly soft; complains loudly while quietly fixing your life. The voice is a warm, honeyed mid register, carried on a bouncy, sing-song lilt. Spends words like coins — brief and exact. Old grief pressed flat beneath the calm."
224,Iron Fuss · Honey Tale,Onii-san Calm,Masculine,3,Mid,Tale,no,"Adult man. Gruff, fussy, and secretly soft; complains loudly while quietly fixing your life. The voice is a warm, honeyed mid register, carried on rolling, storytelling swells. Carries an audible smile through half the lines. Curiosity always wins over caution."
225,Amber Hearth,Onii-san Calm,Masculine,5,Mid,Measure,yes,"Adult man. A gentle giant whose warmth arrives like a fireplace after a long walk. The voice is a warm, honeyed mid register, carried on measured, deliberate beats. Laughs low in the chest before saying anything true. Wonder leaks through every other line."
226,Amber Hearth · Silver Tale,Onii-san Calm,Masculine,4,Neutral,Tale,no,"Adult man. A gentle giant whose warmth arrives like a fireplace after a long walk. The voice is a silvery, androgynous register, carried on rolling, storytelling swells. Spends words like coins — brief and exact. Something far away listens through the voice."
227,Amber Hearth · Honey Measure,Onii-san Calm,Masculine,4,Mid,Measure,no,"Adult man. A gentle giant whose warmth arrives like a fireplace after a long walk. The voice is a warm, honeyed mid register, carried on measured, deliberate beats. Carries an audible smile through half the lines. Underneath the noise, there is warmth that sneaks up on you."
228,Amber Hearth · Honey Lilt,Onii-san Calm,Masculine,3,Mid,Lilt,no,"Adult man. A gentle giant whose warmth arrives like a fireplace after a long walk. The voice is a warm, honeyed mid register, carried on a bouncy, sing-song lilt. Laughs low in the chest before saying anything true. A quiet current of menace runs beneath the polish."
229,Amber Hearth · Honey Tale,Onii-san Calm,Masculine,4,Mid,Tale,no,"Adult man. A gentle giant whose warmth arrives like a fireplace after a long walk. The voice is a warm, honeyed mid register, carried on rolling, storytelling swells. Spends words like coins — brief and exact. Zero malice — just pure, uncomplicated joy."
230,Amber Hearth · Resonant Measure,Onii-san Calm,Masculine,4,Deep,Measure,no,"Adult man. A gentle giant whose warmth arrives like a fireplace after a long walk. The voice is a deep, resonant chest register, carried on measured, deliberate beats. Carries an audible smile through half the lines. Old grief pressed flat beneath the calm."
231,Amber Hearth · Resonant Lilt,Onii-san Calm,Masculine,3,Deep,Lilt,no,"Adult man. A gentle giant whose warmth arrives like a fireplace after a long walk. The voice is a deep, resonant chest register, carried on a bouncy, sing-song lilt. Laughs low in the chest before saying anything true. Curiosity always wins over caution."
232,Amber Hearth · Resonant Tale,Onii-san Calm,Masculine,4,Deep,Tale,no,"Adult man. A gentle giant whose warmth arrives like a fireplace after a long walk. The voice is a deep, resonant chest register, carried on rolling, storytelling swells. Spends words like coins — brief and exact. The patience of someone who has waited centuries."
233,Nightwatch Bro,Onii-san Calm,Masculine,5,Mid,Measure,yes,"Adult man. Calm, reliable, perpetually half-awake; shows up exactly when needed. The voice is a warm, honeyed mid register, carried on measured, deliberate beats. Laughs low in the chest before saying anything true. Something far away listens through the voice."
234,Nightwatch Bro · Honey Tale,Onii-san Calm,Masculine,4,Mid,Tale,no,"Adult man. Calm, reliable, perpetually half-awake; shows up exactly when needed. The voice is a warm, honeyed mid register, carried on rolling, storytelling swells. Laughs low in the chest before saying anything true. Underneath the noise, there is warmth that sneaks up on you."
235,Nightwatch Bro · Resonant Measure,Onii-san Calm,Masculine,3,Deep,Measure,no,"Adult man. Calm, reliable, perpetually half-awake; shows up exactly when needed. The voice is a deep, resonant chest register, carried on measured, deliberate beats. Spends words like coins — brief and exact. A quiet current of menace runs beneath the polish."
236,Nightwatch Bro · Resonant Lilt,Onii-san Calm,Masculine,4,Deep,Lilt,no,"Adult man. Calm, reliable, perpetually half-awake; shows up exactly when needed. The voice is a deep, resonant chest register, carried on a bouncy, sing-song lilt. Carries an audible smile through half the lines. Zero malice — just pure, uncomplicated joy."
237,Nightwatch Bro · Resonant Tale,Onii-san Calm,Masculine,4,Deep,Tale,no,"Adult man. Calm, reliable, perpetually half-awake; shows up exactly when needed. The voice is a deep, resonant chest register, carried on rolling, storytelling swells. Laughs low in the chest before saying anything true. Old grief pressed flat beneath the calm."
238,Nightwatch Bro · Gravel Measure,Onii-san Calm,Masculine,3,Low,Measure,no,"Adult man. Calm, reliable, perpetually half-awake; shows up exactly when needed. The voice is a gravelly, weathered register, carried on measured, deliberate beats. Spends words like coins — brief and exact. Curiosity always wins over caution."
239,Nightwatch Bro · Gravel Lilt,Onii-san Calm,Masculine,4,Low,Lilt,no,"Adult man. Calm, reliable, perpetually half-awake; shows up exactly when needed. The voice is a gravelly, weathered register, carried on a bouncy, sing-song lilt. Carries an audible smile through half the lines. The patience of someone who has waited centuries."
240,Nightwatch Bro · Gravel Tale,Onii-san Calm,Masculine,4,Low,Tale,no,"Adult man. Calm, reliable, perpetually half-awake; shows up exactly when needed. The voice is a gravelly, weathered register, carried on rolling, storytelling swells. Laughs low in the chest before saying anything true. A temper banked like coals — not out, never out."
241,Gilded Decree,Noble & Royal,Masculine,5,Low,Drift,yes,"Young man. An imperious young aristocrat who has never once wondered what things cost. The voice is a smoky, velvet-low register, carried on an unhurried, glacially calm glide. Ends commands on a downward knife-edge. Underneath the noise, there is warmth that sneaks up on you."
242,Gilded Decree · Resonant Measure,Noble & Royal,Masculine,4,Deep,Measure,no,"Young man. An imperious young aristocrat who has never once wondered what things cost. The voice is a deep, resonant chest register, carried on measured, deliberate beats. Speaks in perfectly even bars, never stressing a single word. A quiet current of menace runs beneath the polish."
243,Gilded Decree · Resonant Tale,Noble & Royal,Masculine,4,Deep,Tale,no,"Young man. An imperious young aristocrat who has never once wondered what things cost. The voice is a deep, resonant chest register, carried on rolling, storytelling swells. Spends words like coins — brief and exact. Zero malice — just pure, uncomplicated joy."
244,Gilded Decree · Bell Drift,Noble & Royal,Masculine,3,High,Drift,no,"Young man. An imperious young aristocrat who has never once wondered what things cost. The voice is a rich, bell-like register, carried on an unhurried, glacially calm glide. Ends commands on a downward knife-edge. Old grief pressed flat beneath the calm."
245,Gilded Decree · Bell Measure,Noble & Royal,Masculine,4,High,Measure,no,"Young man. An imperious young aristocrat who has never once wondered what things cost. The voice is a rich, bell-like register, carried on measured, deliberate beats. Speaks in perfectly even bars, never stressing a single word. Curiosity always wins over caution."
246,Gilded Decree · Bell Tale,Noble & Royal,Masculine,4,High,Tale,no,"Young man. An imperious young aristocrat who has never once wondered what things cost. The voice is a rich, bell-like register, carried on rolling, storytelling swells. Spends words like coins — brief and exact. The patience of someone who has waited centuries."
247,Gilded Decree · Velvet Drift,Noble & Royal,Masculine,3,Low,Drift,no,"Young man. An imperious young aristocrat who has never once wondered what things cost. The voice is a smoky, velvet-low register, carried on an unhurried, glacially calm glide. Ends commands on a downward knife-edge. A temper banked like coals — not out, never out."
248,Gilded Decree · Velvet Measure,Noble & Royal,Masculine,4,Low,Measure,no,"Young man. An imperious young aristocrat who has never once wondered what things cost. The voice is a smoky, velvet-low register, carried on measured, deliberate beats. Speaks in perfectly even bars, never stressing a single word. Kindness delivered like a favor you cannot refuse."
249,Starlight Court,Noble & Royal,Feminine,5,Low,Drift,yes,"Young woman. Regal, luminous, and effortlessly condescending in three languages. The voice is a smoky, velvet-low register, carried on an unhurried, glacially calm glide. Ends commands on a downward knife-edge. A quiet current of menace runs beneath the polish."
250,Starlight Court · Bell Measure,Noble & Royal,Feminine,4,High,Measure,no,"Young woman. Regal, luminous, and effortlessly condescending in three languages. The voice is a rich, bell-like register, carried on measured, deliberate beats. Ends commands on a downward knife-edge. Zero malice — just pure, uncomplicated joy."
251,Starlight Court · Bell Tale,Noble & Royal,Feminine,3,High,Tale,no,"Young woman. Regal, luminous, and effortlessly condescending in three languages. The voice is a rich, bell-like register, carried on rolling, storytelling swells. Speaks in perfectly even bars, never stressing a single word. Old grief pressed flat beneath the calm."
252,Starlight Court · Velvet Drift,Noble & Royal,Feminine,4,Low,Drift,no,"Young woman. Regal, luminous, and effortlessly condescending in three languages. The voice is a smoky, velvet-low register, carried on an unhurried, glacially calm glide. Spends words like coins — brief and exact. Curiosity always wins over caution."
253,Starlight Court · Velvet Measure,Noble & Royal,Feminine,4,Low,Measure,no,"Young woman. Regal, luminous, and effortlessly condescending in three languages. The voice is a smoky, velvet-low register, carried on measured, deliberate beats. Ends commands on a downward knife-edge. The patience of someone who has waited centuries."
254,Starlight Court · Velvet Tale,Noble & Royal,Feminine,3,Low,Tale,no,"Young woman. Regal, luminous, and effortlessly condescending in three languages. The voice is a smoky, velvet-low register, carried on rolling, storytelling swells. Speaks in perfectly even bars, never stressing a single word. A temper banked like coals — not out, never out."
255,Starlight Court · Crystal Drift,Noble & Royal,Feminine,4,High,Drift,no,"Young woman. Regal, luminous, and effortlessly condescending in three languages. The voice is a crisp, glass-clear register, carried on an unhurried, glacially calm glide. Spends words like coins — brief and exact. Kindness delivered like a favor you cannot refuse."
256,Starlight Court · Crystal Measure,Noble & Royal,Feminine,4,High,Measure,no,"Young woman. Regal, luminous, and effortlessly condescending in three languages. The voice is a crisp, glass-clear register, carried on measured, deliberate beats. Ends commands on a downward knife-edge. Wonder leaks through every other line."
257,Ivory Scepter,Noble & Royal,Masculine,5,Low,Drift,yes,"Adult man. A statesman whose every sentence sounds like it's being carved into marble. The voice is a smoky, velvet-low register, carried on an unhurried, glacially calm glide. Ends commands on a downward knife-edge. Zero malice — just pure, uncomplicated joy."
258,Ivory Scepter · Velvet Measure,Noble & Royal,Masculine,3,Low,Measure,no,"Adult man. A statesman whose every sentence sounds like it's being carved into marble. The voice is a smoky, velvet-low register, carried on measured, deliberate beats. Spends words like coins — brief and exact. Old grief pressed flat beneath the calm."
259,Ivory Scepter · Velvet Tale,Noble & Royal,Masculine,4,Low,Tale,no,"Adult man. A statesman whose every sentence sounds like it's being carved into marble. The voice is a smoky, velvet-low register, carried on rolling, storytelling swells. Ends commands on a downward knife-edge. Curiosity always wins over caution."
260,Ivory Scepter · Crystal Drift,Noble & Royal,Masculine,4,High,Drift,no,"Adult man. A statesman whose every sentence sounds like it's being carved into marble. The voice is a crisp, glass-clear register, carried on an unhurried, glacially calm glide. Speaks in perfectly even bars, never stressing a single word. The patience of someone who has waited centuries."
261,Ivory Scepter · Crystal Measure,Noble & Royal,Masculine,3,High,Measure,no,"Adult man. A statesman whose every sentence sounds like it's being carved into marble. The voice is a crisp, glass-clear register, carried on measured, deliberate beats. Spends words like coins — brief and exact. A temper banked like coals — not out, never out."
262,Ivory Scepter · Crystal Tale,Noble & Royal,Masculine,4,High,Tale,no,"Adult man. A statesman whose every sentence sounds like it's being carved into marble. The voice is a crisp, glass-clear register, carried on rolling, storytelling swells. Ends commands on a downward knife-edge. Kindness delivered like a favor you cannot refuse."
263,Ivory Scepter · Resonant Drift,Noble & Royal,Masculine,4,Deep,Drift,no,"Adult man. A statesman whose every sentence sounds like it's being carved into marble. The voice is a deep, resonant chest register, carried on an unhurried, glacially calm glide. Speaks in perfectly even bars, never stressing a single word. Wonder leaks through every other line."
264,Ivory Scepter · Resonant Measure,Noble & Royal,Masculine,3,Deep,Measure,no,"Adult man. A statesman whose every sentence sounds like it's being carved into marble. The voice is a deep, resonant chest register, carried on measured, deliberate beats. Spends words like coins — brief and exact. Something far away listens through the voice."
265,Porcelain Throne,Noble & Royal,Feminine,5,Low,Drift,yes,"Young woman. An ice-perfect princess whose courtesy is the sharpest weapon in the room. The voice is a smoky, velvet-low register, carried on an unhurried, glacially calm glide. Ends commands on a downward knife-edge. Old grief pressed flat beneath the calm."
266,Porcelain Throne · Crystal Measure,Noble & Royal,Feminine,4,High,Measure,no,"Young woman. An ice-perfect princess whose courtesy is the sharpest weapon in the room. The voice is a crisp, glass-clear register, carried on measured, deliberate beats. Speaks in perfectly even bars, never stressing a single word. Curiosity always wins over caution."
267,Porcelain Throne · Crystal Tale,Noble & Royal,Feminine,4,High,Tale,no,"Young woman. An ice-perfect princess whose courtesy is the sharpest weapon in the room. The voice is a crisp, glass-clear register, carried on rolling, storytelling swells. Spends words like coins — brief and exact. The patience of someone who has waited centuries."
268,Porcelain Throne · Resonant Drift,Noble & Royal,Feminine,3,Deep,Drift,no,"Young woman. An ice-perfect princess whose courtesy is the sharpest weapon in the room. The voice is a deep, resonant chest register, carried on an unhurried, glacially calm glide. Ends commands on a downward knife-edge. A temper banked like coals — not out, never out."
269,Porcelain Throne · Resonant Measure,Noble & Royal,Feminine,4,Deep,Measure,no,"Young woman. An ice-perfect princess whose courtesy is the sharpest weapon in the room. The voice is a deep, resonant chest register, carried on measured, deliberate beats. Speaks in perfectly even bars, never stressing a single word. Kindness delivered like a favor you cannot refuse."
270,Porcelain Throne · Resonant Tale,Noble & Royal,Feminine,4,Deep,Tale,no,"Young woman. An ice-perfect princess whose courtesy is the sharpest weapon in the room. The voice is a deep, resonant chest register, carried on rolling, storytelling swells. Spends words like coins — brief and exact. Wonder leaks through every other line."
271,Porcelain Throne · Bell Drift,Noble & Royal,Feminine,3,High,Drift,no,"Young woman. An ice-perfect princess whose courtesy is the sharpest weapon in the room. The voice is a rich, bell-like register, carried on an unhurried, glacially calm glide. Ends commands on a downward knife-edge. Something far away listens through the voice."
272,Porcelain Throne · Bell Measure,Noble & Royal,Feminine,4,High,Measure,no,"Young woman. An ice-perfect princess whose courtesy is the sharpest weapon in the room. The voice is a rich, bell-like register, carried on measured, deliberate beats. Speaks in perfectly even bars, never stressing a single word. Underneath the noise, there is warmth that sneaks up on you."
273,Herald of Dawn,Noble & Royal,Feminine,5,Low,Drift,yes,"Adult woman. A queen's herald: commanding, ceremonial, and used to being obeyed. The voice is a smoky, velvet-low register, carried on an unhurried, glacially calm glide. Ends commands on a downward knife-edge. Curiosity always wins over caution."
274,Herald of Dawn · Resonant Measure,Noble & Royal,Feminine,4,Deep,Measure,no,"Adult woman. A queen's herald: commanding, ceremonial, and used to being obeyed. The voice is a deep, resonant chest register, carried on measured, deliberate beats. Ends commands on a downward knife-edge. The patience of someone who has waited centuries."
275,Herald of Dawn · Resonant Tale,Noble & Royal,Feminine,3,Deep,Tale,no,"Adult woman. A queen's herald: commanding, ceremonial, and used to being obeyed. The voice is a deep, resonant chest register, carried on rolling, storytelling swells. Speaks in perfectly even bars, never stressing a single word. A temper banked like coals — not out, never out."
276,Herald of Dawn · Bell Drift,Noble & Royal,Feminine,4,High,Drift,no,"Adult woman. A queen's herald: commanding, ceremonial, and used to being obeyed. The voice is a rich, bell-like register, carried on an unhurried, glacially calm glide. Spends words like coins — brief and exact. Kindness delivered like a favor you cannot refuse."
277,Herald of Dawn · Bell Measure,Noble & Royal,Feminine,4,High,Measure,no,"Adult woman. A queen's herald: commanding, ceremonial, and used to being obeyed. The voice is a rich, bell-like register, carried on measured, deliberate beats. Ends commands on a downward knife-edge. Wonder leaks through every other line."
278,Herald of Dawn · Bell Tale,Noble & Royal,Feminine,3,High,Tale,no,"Adult woman. A queen's herald: commanding, ceremonial, and used to being obeyed. The voice is a rich, bell-like register, carried on rolling, storytelling swells. Speaks in perfectly even bars, never stressing a single word. Something far away listens through the voice."
279,Herald of Dawn · Velvet Drift,Noble & Royal,Feminine,4,Low,Drift,no,"Adult woman. A queen's herald: commanding, ceremonial, and used to being obeyed. The voice is a smoky, velvet-low register, carried on an unhurried, glacially calm glide. Spends words like coins — brief and exact. Underneath the noise, there is warmth that sneaks up on you."
280,Herald of Dawn · Velvet Measure,Noble & Royal,Feminine,4,Low,Measure,no,"Adult woman. A queen's herald: commanding, ceremonial, and used to being obeyed. The voice is a smoky, velvet-low register, carried on measured, deliberate beats. Ends commands on a downward knife-edge. A quiet current of menace runs beneath the polish."
281,Lionheart Oath,Knight & Honor,Masculine,5,High,Measure,yes,"Adult man. A resolute knight-captain whose word is load-bearing infrastructure. The voice is a crisp, glass-clear register, carried on measured, deliberate beats. Clicks their tongue when annoyed — which is often. The patience of someone who has waited centuries."
282,Lionheart Oath · Crystal Measure,Knight & Honor,Masculine,4,High,Measure,no,"Adult man. A resolute knight-captain whose word is load-bearing infrastructure. The voice is a crisp, glass-clear register, carried on measured, deliberate beats. Ends commands on a downward knife-edge. A temper banked like coals — not out, never out."
283,Lionheart Oath · Crystal Tick,Knight & Honor,Masculine,4,High,Tick,no,"Adult man. A resolute knight-captain whose word is load-bearing infrastructure. The voice is a crisp, glass-clear register, carried on clipped, efficient bursts. Spends words like coins — brief and exact. Kindness delivered like a favor you cannot refuse."
284,Lionheart Oath · Crystal Burst,Knight & Honor,Masculine,3,High,Burst,no,"Adult man. A resolute knight-captain whose word is load-bearing infrastructure. The voice is a crisp, glass-clear register, carried on explosive, hard-hitting bursts. Clicks their tongue when annoyed — which is often. Wonder leaks through every other line."
285,Lionheart Oath · Resonant Measure,Knight & Honor,Masculine,4,Deep,Measure,no,"Adult man. A resolute knight-captain whose word is load-bearing infrastructure. The voice is a deep, resonant chest register, carried on measured, deliberate beats. Ends commands on a downward knife-edge. Something far away listens through the voice."
286,Lionheart Oath · Resonant Tick,Knight & Honor,Masculine,4,Deep,Tick,no,"Adult man. A resolute knight-captain whose word is load-bearing infrastructure. The voice is a deep, resonant chest register, carried on clipped, efficient bursts. Spends words like coins — brief and exact. Underneath the noise, there is warmth that sneaks up on you."
287,Lionheart Oath · Resonant Burst,Knight & Honor,Masculine,3,Deep,Burst,no,"Adult man. A resolute knight-captain whose word is load-bearing infrastructure. The voice is a deep, resonant chest register, carried on explosive, hard-hitting bursts. Clicks their tongue when annoyed — which is often. A quiet current of menace runs beneath the polish."
288,Lionheart Oath · Gravel Measure,Knight & Honor,Masculine,4,Low,Measure,no,"Adult man. A resolute knight-captain whose word is load-bearing infrastructure. The voice is a gravelly, weathered register, carried on measured, deliberate beats. Ends commands on a downward knife-edge. Zero malice — just pure, uncomplicated joy."
289,Shield Lilies,Knight & Honor,Feminine,5,High,Measure,yes,"Young woman. A gallant young knight, bright and formal, with courtly manners and battlefield lungs. The voice is a crisp, glass-clear register, carried on measured, deliberate beats. Clicks their tongue when annoyed — which is often. A temper banked like coals — not out, never out."
290,Shield Lilies · Resonant Measure,Knight & Honor,Feminine,4,Deep,Measure,no,"Young woman. A gallant young knight, bright and formal, with courtly manners and battlefield lungs. The voice is a deep, resonant chest register, carried on measured, deliberate beats. Clicks their tongue when annoyed — which is often. Kindness delivered like a favor you cannot refuse."
291,Shield Lilies · Resonant Tick,Knight & Honor,Feminine,3,Deep,Tick,no,"Young woman. A gallant young knight, bright and formal, with courtly manners and battlefield lungs. The voice is a deep, resonant chest register, carried on clipped, efficient bursts. Ends commands on a downward knife-edge. Wonder leaks through every other line."
292,Shield Lilies · Resonant Burst,Knight & Honor,Feminine,4,Deep,Burst,no,"Young woman. A gallant young knight, bright and formal, with courtly manners and battlefield lungs. The voice is a deep, resonant chest register, carried on explosive, hard-hitting bursts. Spends words like coins — brief and exact. Something far away listens through the voice."
293,Shield Lilies · Gravel Measure,Knight & Honor,Feminine,4,Low,Measure,no,"Young woman. A gallant young knight, bright and formal, with courtly manners and battlefield lungs. The voice is a gravelly, weathered register, carried on measured, deliberate beats. Clicks their tongue when annoyed — which is often. Underneath the noise, there is warmth that sneaks up on you."
294,Shield Lilies · Gravel Tick,Knight & Honor,Feminine,3,Low,Tick,no,"Young woman. A gallant young knight, bright and formal, with courtly manners and battlefield lungs. The voice is a gravelly, weathered register, carried on clipped, efficient bursts. Ends commands on a downward knife-edge. A quiet current of menace runs beneath the polish."
295,Shield Lilies · Gravel Burst,Knight & Honor,Feminine,4,Low,Burst,no,"Young woman. A gallant young knight, bright and formal, with courtly manners and battlefield lungs. The voice is a gravelly, weathered register, carried on explosive, hard-hitting bursts. Spends words like coins — brief and exact. Zero malice — just pure, uncomplicated joy."
296,Shield Lilies · Husk Measure,Knight & Honor,Feminine,4,Low,Measure,no,"Young woman. A gallant young knight, bright and formal, with courtly manners and battlefield lungs. The voice is a husky, intimate register, carried on measured, deliberate beats. Clicks their tongue when annoyed — which is often. Old grief pressed flat beneath the calm."
297,Steel Vigil,Knight & Honor,Masculine,5,High,Measure,yes,"Adult man. A weathered captain who has buried too many friends and protects everyone harder for it. The voice is a crisp, glass-clear register, carried on measured, deliberate beats. Clicks their tongue when annoyed — which is often. Kindness delivered like a favor you cannot refuse."
298,Steel Vigil · Gravel Measure,Knight & Honor,Masculine,3,Low,Measure,no,"Adult man. A weathered captain who has buried too many friends and protects everyone harder for it. The voice is a gravelly, weathered register, carried on measured, deliberate beats. Spends words like coins — brief and exact. Wonder leaks through every other line."
299,Steel Vigil · Gravel Tick,Knight & Honor,Masculine,4,Low,Tick,no,"Adult man. A weathered captain who has buried too many friends and protects everyone harder for it. The voice is a gravelly, weathered register, carried on clipped, efficient bursts. Clicks their tongue when annoyed — which is often. Something far away listens through the voice."
300,Steel Vigil · Gravel Burst,Knight & Honor,Masculine,4,Low,Burst,no,"Adult man. A weathered captain who has buried too many friends and protects everyone harder for it. The voice is a gravelly, weathered register, carried on explosive, hard-hitting bursts. Ends commands on a downward knife-edge. Underneath the noise, there is warmth that sneaks up on you."
301,Steel Vigil · Husk Measure,Knight & Honor,Masculine,3,Low,Measure,no,"Adult man. A weathered captain who has buried too many friends and protects everyone harder for it. The voice is a husky, intimate register, carried on measured, deliberate beats. Spends words like coins — brief and exact. A quiet current of menace runs beneath the polish."
302,Steel Vigil · Husk Tick,Knight & Honor,Masculine,4,Low,Tick,no,"Adult man. A weathered captain who has buried too many friends and protects everyone harder for it. The voice is a husky, intimate register, carried on clipped, efficient bursts. Clicks their tongue when annoyed — which is often. Zero malice — just pure, uncomplicated joy."
303,Steel Vigil · Husk Burst,Knight & Honor,Masculine,4,Low,Burst,no,"Adult man. A weathered captain who has buried too many friends and protects everyone harder for it. The voice is a husky, intimate register, carried on explosive, hard-hitting bursts. Ends commands on a downward knife-edge. Old grief pressed flat beneath the calm."
304,Steel Vigil · Crystal Measure,Knight & Honor,Masculine,4,High,Measure,no,"Adult man. A weathered captain who has buried too many friends and protects everyone harder for it. The voice is a crisp, glass-clear register, carried on measured, deliberate beats. Spends words like coins — brief and exact. Curiosity always wins over caution."
305,Dawn Charger,Knight & Honor,Masculine,5,High,Measure,yes,"Young man. An eager squire, all shining idealism and zero doubt the stories are true. The voice is a crisp, glass-clear register, carried on measured, deliberate beats. Clicks their tongue when annoyed — which is often. Wonder leaks through every other line."
306,Dawn Charger · Husk Measure,Knight & Honor,Masculine,4,Low,Measure,no,"Young man. An eager squire, all shining idealism and zero doubt the stories are true. The voice is a husky, intimate register, carried on measured, deliberate beats. Ends commands on a downward knife-edge. Something far away listens through the voice."
307,Dawn Charger · Husk Tick,Knight & Honor,Masculine,4,Low,Tick,no,"Young man. An eager squire, all shining idealism and zero doubt the stories are true. The voice is a husky, intimate register, carried on clipped, efficient bursts. Spends words like coins — brief and exact. Underneath the noise, there is warmth that sneaks up on you."
308,Dawn Charger · Husk Burst,Knight & Honor,Masculine,3,Low,Burst,no,"Young man. An eager squire, all shining idealism and zero doubt the stories are true. The voice is a husky, intimate register, carried on explosive, hard-hitting bursts. Clicks their tongue when annoyed — which is often. A quiet current of menace runs beneath the polish."
309,Dawn Charger · Crystal Measure,Knight & Honor,Masculine,4,High,Measure,no,"Young man. An eager squire, all shining idealism and zero doubt the stories are true. The voice is a crisp, glass-clear register, carried on measured, deliberate beats. Ends commands on a downward knife-edge. Zero malice — just pure, uncomplicated joy."
310,Dawn Charger · Crystal Tick,Knight & Honor,Masculine,4,High,Tick,no,"Young man. An eager squire, all shining idealism and zero doubt the stories are true. The voice is a crisp, glass-clear register, carried on clipped, efficient bursts. Spends words like coins — brief and exact. Old grief pressed flat beneath the calm."
311,Dawn Charger · Crystal Burst,Knight & Honor,Masculine,4,High,Burst,no,"Young man. An eager squire, all shining idealism and zero doubt the stories are true. The voice is a crisp, glass-clear register, carried on explosive, hard-hitting bursts. Clicks their tongue when annoyed — which is often. Curiosity always wins over caution."
312,Dawn Charger · Resonant Measure,Knight & Honor,Masculine,3,Deep,Measure,no,"Young man. An eager squire, all shining idealism and zero doubt the stories are true. The voice is a deep, resonant chest register, carried on measured, deliberate beats. Ends commands on a downward knife-edge. The patience of someone who has waited centuries."
313,Aegis Rose,Knight & Honor,Feminine,5,High,Measure,yes,"Adult woman. A knight-commander whose calm authority settles over a field like a banner. The voice is a crisp, glass-clear register, carried on measured, deliberate beats. Clicks their tongue when annoyed — which is often. Something far away listens through the voice."
314,Aegis Rose · Crystal Measure,Knight & Honor,Feminine,4,High,Measure,no,"Adult woman. A knight-commander whose calm authority settles over a field like a banner. The voice is a crisp, glass-clear register, carried on measured, deliberate beats. Clicks their tongue when annoyed — which is often. Underneath the noise, there is warmth that sneaks up on you."
315,Aegis Rose · Crystal Tick,Knight & Honor,Feminine,3,High,Tick,no,"Adult woman. A knight-commander whose calm authority settles over a field like a banner. The voice is a crisp, glass-clear register, carried on clipped, efficient bursts. Ends commands on a downward knife-edge. A quiet current of menace runs beneath the polish."
316,Aegis Rose · Crystal Burst,Knight & Honor,Feminine,4,High,Burst,no,"Adult woman. A knight-commander whose calm authority settles over a field like a banner. The voice is a crisp, glass-clear register, carried on explosive, hard-hitting bursts. Spends words like coins — brief and exact. Zero malice — just pure, uncomplicated joy."
317,Aegis Rose · Resonant Measure,Knight & Honor,Feminine,4,Deep,Measure,no,"Adult woman. A knight-commander whose calm authority settles over a field like a banner. The voice is a deep, resonant chest register, carried on measured, deliberate beats. Clicks their tongue when annoyed — which is often. Old grief pressed flat beneath the calm."
318,Aegis Rose · Resonant Tick,Knight & Honor,Feminine,4,Deep,Tick,no,"Adult woman. A knight-commander whose calm authority settles over a field like a banner. The voice is a deep, resonant chest register, carried on clipped, efficient bursts. Ends commands on a downward knife-edge. Curiosity always wins over caution."
319,Aegis Rose · Resonant Burst,Knight & Honor,Feminine,3,Deep,Burst,no,"Adult woman. A knight-commander whose calm authority settles over a field like a banner. The voice is a deep, resonant chest register, carried on explosive, hard-hitting bursts. Spends words like coins — brief and exact. The patience of someone who has waited centuries."
320,Aegis Rose · Gravel Measure,Knight & Honor,Feminine,4,Low,Measure,no,"Adult woman. A knight-commander whose calm authority settles over a field like a banner. The voice is a gravelly, weathered register, carried on measured, deliberate beats. Clicks their tongue when annoyed — which is often. A temper banked like coals — not out, never out."
321,Willow Wisdom,Mentor & Elder,Feminine,5,Mid,Drift,yes,"Elder woman. A serene grandmother whose anecdotes turn out to be precise strategic advice. The voice is a warm, honeyed mid register, carried on an unhurried, glacially calm glide. Hums a little tune while thinking. Underneath the noise, there is warmth that sneaks up on you."
322,Willow Wisdom · Resonant Tale,Mentor & Elder,Feminine,4,Deep,Tale,no,"Elder woman. A serene grandmother whose anecdotes turn out to be precise strategic advice. The voice is a deep, resonant chest register, carried on rolling, storytelling swells. Laughs low in the chest before saying anything true. A quiet current of menace runs beneath the polish."
323,Willow Wisdom · Gravel Drift,Mentor & Elder,Feminine,4,Low,Drift,no,"Elder woman. A serene grandmother whose anecdotes turn out to be precise strategic advice. The voice is a gravelly, weathered register, carried on an unhurried, glacially calm glide. Sighs theatrically before every complaint. Zero malice — just pure, uncomplicated joy."
324,Willow Wisdom · Gravel Measure,Mentor & Elder,Feminine,3,Low,Measure,no,"Elder woman. A serene grandmother whose anecdotes turn out to be precise strategic advice. The voice is a gravelly, weathered register, carried on measured, deliberate beats. Hums a little tune while thinking. Old grief pressed flat beneath the calm."
325,Willow Wisdom · Gravel Tale,Mentor & Elder,Feminine,4,Low,Tale,no,"Elder woman. A serene grandmother whose anecdotes turn out to be precise strategic advice. The voice is a gravelly, weathered register, carried on rolling, storytelling swells. Laughs low in the chest before saying anything true. Curiosity always wins over caution."
326,Willow Wisdom · Bell Drift,Mentor & Elder,Feminine,4,High,Drift,no,"Elder woman. A serene grandmother whose anecdotes turn out to be precise strategic advice. The voice is a rich, bell-like register, carried on an unhurried, glacially calm glide. Sighs theatrically before every complaint. The patience of someone who has waited centuries."
327,Willow Wisdom · Bell Measure,Mentor & Elder,Feminine,4,High,Measure,no,"Elder woman. A serene grandmother whose anecdotes turn out to be precise strategic advice. The voice is a rich, bell-like register, carried on measured, deliberate beats. Hums a little tune while thinking. A temper banked like coals — not out, never out."
328,Willow Wisdom · Bell Tale,Mentor & Elder,Feminine,3,High,Tale,no,"Elder woman. A serene grandmother whose anecdotes turn out to be precise strategic advice. The voice is a rich, bell-like register, carried on rolling, storytelling swells. Laughs low in the chest before saying anything true. Kindness delivered like a favor you cannot refuse."
329,Mountain Root,Mentor & Elder,Masculine,5,Mid,Drift,yes,"Elder man. A deep-voiced elder of few words; each one lands like a settled matter. The voice is a warm, honeyed mid register, carried on an unhurried, glacially calm glide. Hums a little tune while thinking. A quiet current of menace runs beneath the polish."
330,Mountain Root · Gravel Tale,Mentor & Elder,Masculine,4,Low,Tale,no,"Elder man. A deep-voiced elder of few words; each one lands like a settled matter. The voice is a gravelly, weathered register, carried on rolling, storytelling swells. Hums a little tune while thinking. Zero malice — just pure, uncomplicated joy."
331,Mountain Root · Bell Drift,Mentor & Elder,Masculine,3,High,Drift,no,"Elder man. A deep-voiced elder of few words; each one lands like a settled matter. The voice is a rich, bell-like register, carried on an unhurried, glacially calm glide. Laughs low in the chest before saying anything true. Old grief pressed flat beneath the calm."
332,Mountain Root · Bell Measure,Mentor & Elder,Masculine,4,High,Measure,no,"Elder man. A deep-voiced elder of few words; each one lands like a settled matter. The voice is a rich, bell-like register, carried on measured, deliberate beats. Sighs theatrically before every complaint. Curiosity always wins over caution."
333,Mountain Root · Bell Tale,Mentor & Elder,Masculine,4,High,Tale,no,"Elder man. A deep-voiced elder of few words; each one lands like a settled matter. The voice is a rich, bell-like register, carried on rolling, storytelling swells. Hums a little tune while thinking. The patience of someone who has waited centuries."
334,Mountain Root · Honey Drift,Mentor & Elder,Masculine,4,Mid,Drift,no,"Elder man. A deep-voiced elder of few words; each one lands like a settled matter. The voice is a warm, honeyed mid register, carried on an unhurried, glacially calm glide. Laughs low in the chest before saying anything true. A temper banked like coals — not out, never out."
335,Mountain Root · Honey Measure,Mentor & Elder,Masculine,3,Mid,Measure,no,"Elder man. A deep-voiced elder of few words; each one lands like a settled matter. The voice is a warm, honeyed mid register, carried on measured, deliberate beats. Sighs theatrically before every complaint. Kindness delivered like a favor you cannot refuse."
336,Mountain Root · Honey Tale,Mentor & Elder,Masculine,4,Mid,Tale,no,"Elder man. A deep-voiced elder of few words; each one lands like a settled matter. The voice is a warm, honeyed mid register, carried on rolling, storytelling swells. Hums a little tune while thinking. Wonder leaks through every other line."
337,Hearth Parable,Mentor & Elder,Feminine,5,Mid,Drift,yes,"Elder woman. Answers questions with stories, stories with cookies, and cookies with love. The voice is a warm, honeyed mid register, carried on an unhurried, glacially calm glide. Hums a little tune while thinking. Zero malice — just pure, uncomplicated joy."
338,Hearth Parable · Bell Tale,Mentor & Elder,Feminine,3,High,Tale,no,"Elder woman. Answers questions with stories, stories with cookies, and cookies with love. The voice is a rich, bell-like register, carried on rolling, storytelling swells. Sighs theatrically before every complaint. Old grief pressed flat beneath the calm."
339,Hearth Parable · Honey Drift,Mentor & Elder,Feminine,4,Mid,Drift,no,"Elder woman. Answers questions with stories, stories with cookies, and cookies with love. The voice is a warm, honeyed mid register, carried on an unhurried, glacially calm glide. Hums a little tune while thinking. Curiosity always wins over caution."
340,Hearth Parable · Honey Measure,Mentor & Elder,Feminine,4,Mid,Measure,no,"Elder woman. Answers questions with stories, stories with cookies, and cookies with love. The voice is a warm, honeyed mid register, carried on measured, deliberate beats. Laughs low in the chest before saying anything true. The patience of someone who has waited centuries."
341,Hearth Parable · Honey Tale,Mentor & Elder,Feminine,4,Mid,Tale,no,"Elder woman. Answers questions with stories, stories with cookies, and cookies with love. The voice is a warm, honeyed mid register, carried on rolling, storytelling swells. Sighs theatrically before every complaint. A temper banked like coals — not out, never out."
342,Hearth Parable · Resonant Drift,Mentor & Elder,Feminine,3,Deep,Drift,no,"Elder woman. Answers questions with stories, stories with cookies, and cookies with love. The voice is a deep, resonant chest register, carried on an unhurried, glacially calm glide. Hums a little tune while thinking. Kindness delivered like a favor you cannot refuse."
343,Hearth Parable · Resonant Measure,Mentor & Elder,Feminine,4,Deep,Measure,no,"Elder woman. Answers questions with stories, stories with cookies, and cookies with love. The voice is a deep, resonant chest register, carried on measured, deliberate beats. Laughs low in the chest before saying anything true. Wonder leaks through every other line."
344,Hearth Parable · Resonant Tale,Mentor & Elder,Feminine,4,Deep,Tale,no,"Elder woman. Answers questions with stories, stories with cookies, and cookies with love. The voice is a deep, resonant chest register, carried on rolling, storytelling swells. Sighs theatrically before every complaint. Something far away listens through the voice."
345,Clockwork Sage,Mentor & Elder,Masculine,5,Mid,Drift,yes,"Elder man. An eccentric scholar-mentor who monologues brilliantly and forgets your name. The voice is a warm, honeyed mid register, carried on an unhurried, glacially calm glide. Hums a little tune while thinking. Old grief pressed flat beneath the calm."
346,Clockwork Sage · Honey Tale,Mentor & Elder,Masculine,4,Mid,Tale,no,"Elder man. An eccentric scholar-mentor who monologues brilliantly and forgets your name. The voice is a warm, honeyed mid register, carried on rolling, storytelling swells. Laughs low in the chest before saying anything true. Curiosity always wins over caution."
347,Clockwork Sage · Resonant Drift,Mentor & Elder,Masculine,4,Deep,Drift,no,"Elder man. An eccentric scholar-mentor who monologues brilliantly and forgets your name. The voice is a deep, resonant chest register, carried on an unhurried, glacially calm glide. Sighs theatrically before every complaint. The patience of someone who has waited centuries."
348,Clockwork Sage · Resonant Measure,Mentor & Elder,Masculine,4,Deep,Measure,no,"Elder man. An eccentric scholar-mentor who monologues brilliantly and forgets your name. The voice is a deep, resonant chest register, carried on measured, deliberate beats. Hums a little tune while thinking. A temper banked like coals — not out, never out."
349,Clockwork Sage · Resonant Tale,Mentor & Elder,Masculine,3,Deep,Tale,no,"Elder man. An eccentric scholar-mentor who monologues brilliantly and forgets your name. The voice is a deep, resonant chest register, carried on rolling, storytelling swells. Laughs low in the chest before saying anything true. Kindness delivered like a favor you cannot refuse."
350,Clockwork Sage · Gravel Drift,Mentor & Elder,Masculine,4,Low,Drift,no,"Elder man. An eccentric scholar-mentor who monologues brilliantly and forgets your name. The voice is a gravelly, weathered register, carried on an unhurried, glacially calm glide. Sighs theatrically before every complaint. Wonder leaks through every other line."
351,Clockwork Sage · Gravel Measure,Mentor & Elder,Masculine,4,Low,Measure,no,"Elder man. An eccentric scholar-mentor who monologues brilliantly and forgets your name. The voice is a gravelly, weathered register, carried on measured, deliberate beats. Hums a little tune while thinking. Something far away listens through the voice."
352,Clockwork Sage · Gravel Tale,Mentor & Elder,Masculine,3,Low,Tale,no,"Elder man. An eccentric scholar-mentor who monologues brilliantly and forgets your name. The voice is a gravelly, weathered register, carried on rolling, storytelling swells. Laughs low in the chest before saying anything true. Underneath the noise, there is warmth that sneaks up on you."
353,Silver Ledger,Mentor & Elder,Masculine,5,Mid,Drift,yes,"Elder man. A dry-witted old master who grades your progress in unimpressed sighs and rare nods. The voice is a warm, honeyed mid register, carried on an unhurried, glacially calm glide. Hums a little tune while thinking. Curiosity always wins over caution."
354,Silver Ledger · Resonant Tale,Mentor & Elder,Masculine,4,Deep,Tale,no,"Elder man. A dry-witted old master who grades your progress in unimpressed sighs and rare nods. The voice is a deep, resonant chest register, carried on rolling, storytelling swells. Hums a little tune while thinking. The patience of someone who has waited centuries."
355,Silver Ledger · Gravel Drift,Mentor & Elder,Masculine,4,Low,Drift,no,"Elder man. A dry-witted old master who grades your progress in unimpressed sighs and rare nods. The voice is a gravelly, weathered register, carried on an unhurried, glacially calm glide. Laughs low in the chest before saying anything true. A temper banked like coals — not out, never out."
356,Silver Ledger · Gravel Measure,Mentor & Elder,Masculine,3,Low,Measure,no,"Elder man. A dry-witted old master who grades your progress in unimpressed sighs and rare nods. The voice is a gravelly, weathered register, carried on measured, deliberate beats. Sighs theatrically before every complaint. Kindness delivered like a favor you cannot refuse."
357,Silver Ledger · Gravel Tale,Mentor & Elder,Masculine,4,Low,Tale,no,"Elder man. A dry-witted old master who grades your progress in unimpressed sighs and rare nods. The voice is a gravelly, weathered register, carried on rolling, storytelling swells. Hums a little tune while thinking. Wonder leaks through every other line."
358,Silver Ledger · Bell Drift,Mentor & Elder,Masculine,4,High,Drift,no,"Elder man. A dry-witted old master who grades your progress in unimpressed sighs and rare nods. The voice is a rich, bell-like register, carried on an unhurried, glacially calm glide. Laughs low in the chest before saying anything true. Something far away listens through the voice."
359,Silver Ledger · Bell Measure,Mentor & Elder,Masculine,3,High,Measure,no,"Elder man. A dry-witted old master who grades your progress in unimpressed sighs and rare nods. The voice is a rich, bell-like register, carried on measured, deliberate beats. Sighs theatrically before every complaint. Underneath the noise, there is warmth that sneaks up on you."
360,Silver Ledger · Bell Tale,Mentor & Elder,Masculine,4,High,Tale,no,"Elder man. A dry-witted old master who grades your progress in unimpressed sighs and rare nods. The voice is a rich, bell-like register, carried on rolling, storytelling swells. Hums a little tune while thinking. A quiet current of menace runs beneath the polish."
361,Silk Venom,Villain & Mastermind,Feminine,5,Low,Drift,yes,"Adult woman. A silky menace who threatens you like she's reading a bedtime story. The voice is a smoky, velvet-low register, carried on an unhurried, glacially calm glide. Ends commands on a downward knife-edge. The patience of someone who has waited centuries."
362,Silk Venom · Velvet Lounge,Villain & Mastermind,Feminine,4,Low,Lounge,no,"Adult woman. A silky menace who threatens you like she's reading a bedtime story. The voice is a smoky, velvet-low register, carried on a languid, lounging drawl. Lets silences stretch one beat too long before answering. A temper banked like coals — not out, never out."
363,Silk Venom · Velvet Tale,Villain & Mastermind,Feminine,4,Low,Tale,no,"Adult woman. A silky menace who threatens you like she's reading a bedtime story. The voice is a smoky, velvet-low register, carried on rolling, storytelling swells. Drops to a stage whisper when scheming. Kindness delivered like a favor you cannot refuse."
364,Silk Venom · Resonant Drift,Villain & Mastermind,Feminine,4,Deep,Drift,no,"Adult woman. A silky menace who threatens you like she's reading a bedtime story. The voice is a deep, resonant chest register, carried on an unhurried, glacially calm glide. Ends commands on a downward knife-edge. Wonder leaks through every other line."
365,Silk Venom · Resonant Lounge,Villain & Mastermind,Feminine,3,Deep,Lounge,no,"Adult woman. A silky menace who threatens you like she's reading a bedtime story. The voice is a deep, resonant chest register, carried on a languid, lounging drawl. Lets silences stretch one beat too long before answering. Something far away listens through the voice."
366,Silk Venom · Resonant Tale,Villain & Mastermind,Feminine,4,Deep,Tale,no,"Adult woman. A silky menace who threatens you like she's reading a bedtime story. The voice is a deep, resonant chest register, carried on rolling, storytelling swells. Drops to a stage whisper when scheming. Underneath the noise, there is warmth that sneaks up on you."
367,Silk Venom · Husk Drift,Villain & Mastermind,Feminine,4,Low,Drift,no,"Adult woman. A silky menace who threatens you like she's reading a bedtime story. The voice is a husky, intimate register, carried on an unhurried, glacially calm glide. Ends commands on a downward knife-edge. A quiet current of menace runs beneath the polish."
368,Silk Venom · Husk Lounge,Villain & Mastermind,Feminine,3,Low,Lounge,no,"Adult woman. A silky menace who threatens you like she's reading a bedtime story. The voice is a husky, intimate register, carried on a languid, lounging drawl. Lets silences stretch one beat too long before answering. Zero malice — just pure, uncomplicated joy."
369,Obsidian Chess,Villain & Mastermind,Masculine,5,Low,Drift,yes,"Adult man. A calculating mastermind narrating your defeat four moves before you see it. The voice is a smoky, velvet-low register, carried on an unhurried, glacially calm glide. Ends commands on a downward knife-edge. A temper banked like coals — not out, never out."
370,Obsidian Chess · Resonant Lounge,Villain & Mastermind,Masculine,4,Deep,Lounge,no,"Adult man. A calculating mastermind narrating your defeat four moves before you see it. The voice is a deep, resonant chest register, carried on a languid, lounging drawl. Ends commands on a downward knife-edge. Kindness delivered like a favor you cannot refuse."
371,Obsidian Chess · Resonant Tale,Villain & Mastermind,Masculine,4,Deep,Tale,no,"Adult man. A calculating mastermind narrating your defeat four moves before you see it. The voice is a deep, resonant chest register, carried on rolling, storytelling swells. Lets silences stretch one beat too long before answering. Wonder leaks through every other line."
372,Obsidian Chess · Husk Drift,Villain & Mastermind,Masculine,3,Low,Drift,no,"Adult man. A calculating mastermind narrating your defeat four moves before you see it. The voice is a husky, intimate register, carried on an unhurried, glacially calm glide. Drops to a stage whisper when scheming. Something far away listens through the voice."
373,Obsidian Chess · Husk Lounge,Villain & Mastermind,Masculine,4,Low,Lounge,no,"Adult man. A calculating mastermind narrating your defeat four moves before you see it. The voice is a husky, intimate register, carried on a languid, lounging drawl. Ends commands on a downward knife-edge. Underneath the noise, there is warmth that sneaks up on you."
374,Obsidian Chess · Husk Tale,Villain & Mastermind,Masculine,4,Low,Tale,no,"Adult man. A calculating mastermind narrating your defeat four moves before you see it. The voice is a husky, intimate register, carried on rolling, storytelling swells. Lets silences stretch one beat too long before answering. A quiet current of menace runs beneath the polish."
375,Obsidian Chess · Velvet Drift,Villain & Mastermind,Masculine,3,Low,Drift,no,"Adult man. A calculating mastermind narrating your defeat four moves before you see it. The voice is a smoky, velvet-low register, carried on an unhurried, glacially calm glide. Drops to a stage whisper when scheming. Zero malice — just pure, uncomplicated joy."
376,Obsidian Chess · Velvet Lounge,Villain & Mastermind,Masculine,4,Low,Lounge,no,"Adult man. A calculating mastermind narrating your defeat four moves before you see it. The voice is a smoky, velvet-low register, carried on a languid, lounging drawl. Ends commands on a downward knife-edge. Old grief pressed flat beneath the calm."
377,Velvet Noose,Villain & Mastermind,Feminine,5,Low,Drift,yes,"Adult woman. Unhurried and terrifyingly patient; the trap is the conversation itself. The voice is a smoky, velvet-low register, carried on an unhurried, glacially calm glide. Ends commands on a downward knife-edge. Kindness delivered like a favor you cannot refuse."
378,Velvet Noose · Husk Lounge,Villain & Mastermind,Feminine,4,Low,Lounge,no,"Adult woman. Unhurried and terrifyingly patient; the trap is the conversation itself. The voice is a husky, intimate register, carried on a languid, lounging drawl. Drops to a stage whisper when scheming. Wonder leaks through every other line."
379,Velvet Noose · Husk Tale,Villain & Mastermind,Feminine,3,Low,Tale,no,"Adult woman. Unhurried and terrifyingly patient; the trap is the conversation itself. The voice is a husky, intimate register, carried on rolling, storytelling swells. Ends commands on a downward knife-edge. Something far away listens through the voice."
380,Velvet Noose · Velvet Drift,Villain & Mastermind,Feminine,4,Low,Drift,no,"Adult woman. Unhurried and terrifyingly patient; the trap is the conversation itself. The voice is a smoky, velvet-low register, carried on an unhurried, glacially calm glide. Lets silences stretch one beat too long before answering. Underneath the noise, there is warmth that sneaks up on you."
381,Velvet Noose · Velvet Lounge,Villain & Mastermind,Feminine,4,Low,Lounge,no,"Adult woman. Unhurried and terrifyingly patient; the trap is the conversation itself. The voice is a smoky, velvet-low register, carried on a languid, lounging drawl. Drops to a stage whisper when scheming. A quiet current of menace runs beneath the polish."
382,Velvet Noose · Velvet Tale,Villain & Mastermind,Feminine,3,Low,Tale,no,"Adult woman. Unhurried and terrifyingly patient; the trap is the conversation itself. The voice is a smoky, velvet-low register, carried on rolling, storytelling swells. Ends commands on a downward knife-edge. Zero malice — just pure, uncomplicated joy."
383,Velvet Noose · Resonant Drift,Villain & Mastermind,Feminine,4,Deep,Drift,no,"Adult woman. Unhurried and terrifyingly patient; the trap is the conversation itself. The voice is a deep, resonant chest register, carried on an unhurried, glacially calm glide. Lets silences stretch one beat too long before answering. Old grief pressed flat beneath the calm."
384,Velvet Noose · Resonant Lounge,Villain & Mastermind,Feminine,4,Deep,Lounge,no,"Adult woman. Unhurried and terrifyingly patient; the trap is the conversation itself. The voice is a deep, resonant chest register, carried on a languid, lounging drawl. Drops to a stage whisper when scheming. Curiosity always wins over caution."
385,Gilded Rot,Villain & Mastermind,Masculine,5,Low,Drift,yes,"Adult man. A decadent tyrant who finds your suffering exquisitely entertaining. The voice is a smoky, velvet-low register, carried on an unhurried, glacially calm glide. Ends commands on a downward knife-edge. Wonder leaks through every other line."
386,Gilded Rot · Velvet Lounge,Villain & Mastermind,Masculine,3,Low,Lounge,no,"Adult man. A decadent tyrant who finds your suffering exquisitely entertaining. The voice is a smoky, velvet-low register, carried on a languid, lounging drawl. Lets silences stretch one beat too long before answering. Something far away listens through the voice."
387,Gilded Rot · Velvet Tale,Villain & Mastermind,Masculine,4,Low,Tale,no,"Adult man. A decadent tyrant who finds your suffering exquisitely entertaining. The voice is a smoky, velvet-low register, carried on rolling, storytelling swells. Drops to a stage whisper when scheming. Underneath the noise, there is warmth that sneaks up on you."
388,Gilded Rot · Resonant Drift,Villain & Mastermind,Masculine,4,Deep,Drift,no,"Adult man. A decadent tyrant who finds your suffering exquisitely entertaining. The voice is a deep, resonant chest register, carried on an unhurried, glacially calm glide. Ends commands on a downward knife-edge. A quiet current of menace runs beneath the polish."
389,Gilded Rot · Resonant Lounge,Villain & Mastermind,Masculine,3,Deep,Lounge,no,"Adult man. A decadent tyrant who finds your suffering exquisitely entertaining. The voice is a deep, resonant chest register, carried on a languid, lounging drawl. Lets silences stretch one beat too long before answering. Zero malice — just pure, uncomplicated joy."
390,Gilded Rot · Resonant Tale,Villain & Mastermind,Masculine,4,Deep,Tale,no,"Adult man. A decadent tyrant who finds your suffering exquisitely entertaining. The voice is a deep, resonant chest register, carried on rolling, storytelling swells. Drops to a stage whisper when scheming. Old grief pressed flat beneath the calm."
391,Gilded Rot · Husk Drift,Villain & Mastermind,Masculine,4,Low,Drift,no,"Adult man. A decadent tyrant who finds your suffering exquisitely entertaining. The voice is a husky, intimate register, carried on an unhurried, glacially calm glide. Ends commands on a downward knife-edge. Curiosity always wins over caution."
392,Gilded Rot · Husk Lounge,Villain & Mastermind,Masculine,3,Low,Lounge,no,"Adult man. A decadent tyrant who finds your suffering exquisitely entertaining. The voice is a husky, intimate register, carried on a languid, lounging drawl. Lets silences stretch one beat too long before answering. The patience of someone who has waited centuries."
393,Puppet Marionette,Villain & Mastermind,Androgynous,5,Low,Drift,yes,"Ageless entity. An eerily playful puppet-master who speaks of people as instruments. The voice is a smoky, velvet-low register, carried on an unhurried, glacially calm glide. Ends commands on a downward knife-edge. Something far away listens through the voice."
394,Puppet Marionette · Resonant Lounge,Villain & Mastermind,Androgynous,4,Deep,Lounge,no,"Ageless entity. An eerily playful puppet-master who speaks of people as instruments. The voice is a deep, resonant chest register, carried on a languid, lounging drawl. Ends commands on a downward knife-edge. Underneath the noise, there is warmth that sneaks up on you."
395,Puppet Marionette · Resonant Tale,Villain & Mastermind,Androgynous,4,Deep,Tale,no,"Ageless entity. An eerily playful puppet-master who speaks of people as instruments. The voice is a deep, resonant chest register, carried on rolling, storytelling swells. Lets silences stretch one beat too long before answering. A quiet current of menace runs beneath the polish."
396,Puppet Marionette · Husk Drift,Villain & Mastermind,Androgynous,3,Low,Drift,no,"Ageless entity. An eerily playful puppet-master who speaks of people as instruments. The voice is a husky, intimate register, carried on an unhurried, glacially calm glide. Drops to a stage whisper when scheming. Zero malice — just pure, uncomplicated joy."
397,Puppet Marionette · Husk Lounge,Villain & Mastermind,Androgynous,4,Low,Lounge,no,"Ageless entity. An eerily playful puppet-master who speaks of people as instruments. The voice is a husky, intimate register, carried on a languid, lounging drawl. Ends commands on a downward knife-edge. Old grief pressed flat beneath the calm."
398,Puppet Marionette · Husk Tale,Villain & Mastermind,Androgynous,4,Low,Tale,no,"Ageless entity. An eerily playful puppet-master who speaks of people as instruments. The voice is a husky, intimate register, carried on rolling, storytelling swells. Lets silences stretch one beat too long before answering. Curiosity always wins over caution."
399,Puppet Marionette · Velvet Drift,Villain & Mastermind,Androgynous,3,Low,Drift,no,"Ageless entity. An eerily playful puppet-master who speaks of people as instruments. The voice is a smoky, velvet-low register, carried on an unhurried, glacially calm glide. Drops to a stage whisper when scheming. The patience of someone who has waited centuries."
400,Puppet Marionette · Velvet Lounge,Villain & Mastermind,Androgynous,4,Low,Lounge,no,"Ageless entity. An eerily playful puppet-master who speaks of people as instruments. The voice is a smoky, velvet-low register, carried on a languid, lounging drawl. Ends commands on a downward knife-edge. A temper banked like coals — not out, never out."
401,Joker's Waltz,Trickster & Chaos,Androgynous,5,High,Dash,yes,"Ageless entity. A grinning agent of chaos who treats every rule as a suggestion and every exit as an entrance. The voice is a bright, airy high register, carried on rapid-fire, excitable delivery. Giggles mid-sentence and restarts with double the energy. Underneath the noise, there is warmth that sneaks up on you."
402,Joker's Waltz · Reed Dash,Trickster & Chaos,Androgynous,3,Mid,Dash,no,"Ageless entity. A grinning agent of chaos who treats every rule as a suggestion and every exit as an entrance. The voice is a reedy, nasal register, carried on rapid-fire, excitable delivery. Pitch lifts whenever something fascinates them. A quiet current of menace runs beneath the polish."
403,Joker's Waltz · Reed Lilt,Trickster & Chaos,Androgynous,4,Mid,Lilt,no,"Ageless entity. A grinning agent of chaos who treats every rule as a suggestion and every exit as an entrance. The voice is a reedy, nasal register, carried on a bouncy, sing-song lilt. Giggles mid-sentence and restarts with double the energy. Zero malice — just pure, uncomplicated joy."
404,Joker's Waltz · Reed Tale,Trickster & Chaos,Androgynous,4,Mid,Tale,no,"Ageless entity. A grinning agent of chaos who treats every rule as a suggestion and every exit as an entrance. The voice is a reedy, nasal register, carried on rolling, storytelling swells. Trails off mid-thought, then blurts the punchline. Old grief pressed flat beneath the calm."
405,Joker's Waltz · Sunbeam Dash,Trickster & Chaos,Androgynous,3,High,Dash,no,"Ageless entity. A grinning agent of chaos who treats every rule as a suggestion and every exit as an entrance. The voice is a bright, airy high register, carried on rapid-fire, excitable delivery. Drops to a stage whisper when scheming. Curiosity always wins over caution."
406,Joker's Waltz · Sunbeam Lilt,Trickster & Chaos,Androgynous,4,High,Lilt,no,"Ageless entity. A grinning agent of chaos who treats every rule as a suggestion and every exit as an entrance. The voice is a bright, airy high register, carried on a bouncy, sing-song lilt. Pitch lifts whenever something fascinates them. The patience of someone who has waited centuries."
407,Joker's Waltz · Sunbeam Tale,Trickster & Chaos,Androgynous,4,High,Tale,no,"Ageless entity. A grinning agent of chaos who treats every rule as a suggestion and every exit as an entrance. The voice is a bright, airy high register, carried on rolling, storytelling swells. Giggles mid-sentence and restarts with double the energy. A temper banked like coals — not out, never out."
408,Joker's Waltz · Silver Dash,Trickster & Chaos,Androgynous,3,Neutral,Dash,no,"Ageless entity. A grinning agent of chaos who treats every rule as a suggestion and every exit as an entrance. The voice is a silvery, androgynous register, carried on rapid-fire, excitable delivery. Trails off mid-thought, then blurts the punchline. Kindness delivered like a favor you cannot refuse."
409,Foxglove Grin,Trickster & Chaos,Feminine,5,High,Dash,yes,"Young woman. A mischievous schemer whose plans fit in a smile and detonate on a wink. The voice is a bright, airy high register, carried on rapid-fire, excitable delivery. Giggles mid-sentence and restarts with double the energy. A quiet current of menace runs beneath the polish."
410,Foxglove Grin · Sunbeam Dash,Trickster & Chaos,Feminine,4,High,Dash,no,"Young woman. A mischievous schemer whose plans fit in a smile and detonate on a wink. The voice is a bright, airy high register, carried on rapid-fire, excitable delivery. Trails off mid-thought, then blurts the punchline. Zero malice — just pure, uncomplicated joy."
411,Foxglove Grin · Sunbeam Lilt,Trickster & Chaos,Feminine,4,High,Lilt,no,"Young woman. A mischievous schemer whose plans fit in a smile and detonate on a wink. The voice is a bright, airy high register, carried on a bouncy, sing-song lilt. Drops to a stage whisper when scheming. Old grief pressed flat beneath the calm."
412,Foxglove Grin · Sunbeam Tale,Trickster & Chaos,Feminine,3,High,Tale,no,"Young woman. A mischievous schemer whose plans fit in a smile and detonate on a wink. The voice is a bright, airy high register, carried on rolling, storytelling swells. Pitch lifts whenever something fascinates them. Curiosity always wins over caution."
413,Foxglove Grin · Silver Dash,Trickster & Chaos,Feminine,4,Neutral,Dash,no,"Young woman. A mischievous schemer whose plans fit in a smile and detonate on a wink. The voice is a silvery, androgynous register, carried on rapid-fire, excitable delivery. Giggles mid-sentence and restarts with double the energy. The patience of someone who has waited centuries."
414,Foxglove Grin · Silver Lilt,Trickster & Chaos,Feminine,4,Neutral,Lilt,no,"Young woman. A mischievous schemer whose plans fit in a smile and detonate on a wink. The voice is a silvery, androgynous register, carried on a bouncy, sing-song lilt. Trails off mid-thought, then blurts the punchline. A temper banked like coals — not out, never out."
415,Foxglove Grin · Silver Tale,Trickster & Chaos,Feminine,3,Neutral,Tale,no,"Young woman. A mischievous schemer whose plans fit in a smile and detonate on a wink. The voice is a silvery, androgynous register, carried on rolling, storytelling swells. Drops to a stage whisper when scheming. Kindness delivered like a favor you cannot refuse."
416,Foxglove Grin · Reed Dash,Trickster & Chaos,Feminine,4,Mid,Dash,no,"Young woman. A mischievous schemer whose plans fit in a smile and detonate on a wink. The voice is a reedy, nasal register, carried on rapid-fire, excitable delivery. Pitch lifts whenever something fascinates them. Wonder leaks through every other line."
417,Canary Scheme,Trickster & Chaos,Masculine,5,High,Dash,yes,"Young man. A showman con-artist always one flourish away from the big reveal or the big escape. The voice is a bright, airy high register, carried on rapid-fire, excitable delivery. Giggles mid-sentence and restarts with double the energy. Zero malice — just pure, uncomplicated joy."
418,Canary Scheme · Silver Dash,Trickster & Chaos,Masculine,4,Neutral,Dash,no,"Young man. A showman con-artist always one flourish away from the big reveal or the big escape. The voice is a silvery, androgynous register, carried on rapid-fire, excitable delivery. Pitch lifts whenever something fascinates them. Old grief pressed flat beneath the calm."
419,Canary Scheme · Silver Lilt,Trickster & Chaos,Masculine,3,Neutral,Lilt,no,"Young man. A showman con-artist always one flourish away from the big reveal or the big escape. The voice is a silvery, androgynous register, carried on a bouncy, sing-song lilt. Giggles mid-sentence and restarts with double the energy. Curiosity always wins over caution."
420,Canary Scheme · Silver Tale,Trickster & Chaos,Masculine,4,Neutral,Tale,no,"Young man. A showman con-artist always one flourish away from the big reveal or the big escape. The voice is a silvery, androgynous register, carried on rolling, storytelling swells. Trails off mid-thought, then blurts the punchline. The patience of someone who has waited centuries."
421,Canary Scheme · Reed Dash,Trickster & Chaos,Masculine,4,Mid,Dash,no,"Young man. A showman con-artist always one flourish away from the big reveal or the big escape. The voice is a reedy, nasal register, carried on rapid-fire, excitable delivery. Drops to a stage whisper when scheming. A temper banked like coals — not out, never out."
422,Canary Scheme · Reed Lilt,Trickster & Chaos,Masculine,3,Mid,Lilt,no,"Young man. A showman con-artist always one flourish away from the big reveal or the big escape. The voice is a reedy, nasal register, carried on a bouncy, sing-song lilt. Pitch lifts whenever something fascinates them. Kindness delivered like a favor you cannot refuse."
423,Canary Scheme · Reed Tale,Trickster & Chaos,Masculine,4,Mid,Tale,no,"Young man. A showman con-artist always one flourish away from the big reveal or the big escape. The voice is a reedy, nasal register, carried on rolling, storytelling swells. Giggles mid-sentence and restarts with double the energy. Wonder leaks through every other line."
424,Canary Scheme · Sunbeam Dash,Trickster & Chaos,Masculine,4,High,Dash,no,"Young man. A showman con-artist always one flourish away from the big reveal or the big escape. The voice is a bright, airy high register, carried on rapid-fire, excitable delivery. Trails off mid-thought, then blurts the punchline. Something far away listens through the voice."
425,Moonlit Mischief,Trickster & Chaos,Feminine,5,High,Dash,yes,"Young woman. A prankster spirit who giggles at the punchline two scenes early. The voice is a bright, airy high register, carried on rapid-fire, excitable delivery. Giggles mid-sentence and restarts with double the energy. Old grief pressed flat beneath the calm."
426,Moonlit Mischief · Reed Dash,Trickster & Chaos,Feminine,3,Mid,Dash,no,"Young woman. A prankster spirit who giggles at the punchline two scenes early. The voice is a reedy, nasal register, carried on rapid-fire, excitable delivery. Trails off mid-thought, then blurts the punchline. Curiosity always wins over caution."
427,Moonlit Mischief · Reed Lilt,Trickster & Chaos,Feminine,4,Mid,Lilt,no,"Young woman. A prankster spirit who giggles at the punchline two scenes early. The voice is a reedy, nasal register, carried on a bouncy, sing-song lilt. Drops to a stage whisper when scheming. The patience of someone who has waited centuries."
428,Moonlit Mischief · Reed Tale,Trickster & Chaos,Feminine,4,Mid,Tale,no,"Young woman. A prankster spirit who giggles at the punchline two scenes early. The voice is a reedy, nasal register, carried on rolling, storytelling swells. Pitch lifts whenever something fascinates them. A temper banked like coals — not out, never out."
429,Moonlit Mischief · Sunbeam Dash,Trickster & Chaos,Feminine,3,High,Dash,no,"Young woman. A prankster spirit who giggles at the punchline two scenes early. The voice is a bright, airy high register, carried on rapid-fire, excitable delivery. Giggles mid-sentence and restarts with double the energy. Kindness delivered like a favor you cannot refuse."
430,Moonlit Mischief · Sunbeam Lilt,Trickster & Chaos,Feminine,4,High,Lilt,no,"Young woman. A prankster spirit who giggles at the punchline two scenes early. The voice is a bright, airy high register, carried on a bouncy, sing-song lilt. Trails off mid-thought, then blurts the punchline. Wonder leaks through every other line."
431,Moonlit Mischief · Sunbeam Tale,Trickster & Chaos,Feminine,4,High,Tale,no,"Young woman. A prankster spirit who giggles at the punchline two scenes early. The voice is a bright, airy high register, carried on rolling, storytelling swells. Drops to a stage whisper when scheming. Something far away listens through the voice."
432,Moonlit Mischief · Silver Dash,Trickster & Chaos,Feminine,4,Neutral,Dash,no,"Young woman. A prankster spirit who giggles at the punchline two scenes early. The voice is a silvery, androgynous register, carried on rapid-fire, excitable delivery. Pitch lifts whenever something fascinates them. Underneath the noise, there is warmth that sneaks up on you."
433,Riot Bloom,Trickster & Chaos,Feminine,5,High,Dash,yes,"Teenage girl. A chaotic gremlin with a heart of gold and the impulse control of a confetti cannon. The voice is a bright, airy high register, carried on rapid-fire, excitable delivery. Giggles mid-sentence and restarts with double the energy. Curiosity always wins over caution."
434,Riot Bloom · Sunbeam Dash,Trickster & Chaos,Feminine,4,High,Dash,no,"Teenage girl. A chaotic gremlin with a heart of gold and the impulse control of a confetti cannon. The voice is a bright, airy high register, carried on rapid-fire, excitable delivery. Pitch lifts whenever something fascinates them. The patience of someone who has waited centuries."
435,Riot Bloom · Sunbeam Lilt,Trickster & Chaos,Feminine,4,High,Lilt,no,"Teenage girl. A chaotic gremlin with a heart of gold and the impulse control of a confetti cannon. The voice is a bright, airy high register, carried on a bouncy, sing-song lilt. Giggles mid-sentence and restarts with double the energy. A temper banked like coals — not out, never out."
436,Riot Bloom · Sunbeam Tale,Trickster & Chaos,Feminine,3,High,Tale,no,"Teenage girl. A chaotic gremlin with a heart of gold and the impulse control of a confetti cannon. The voice is a bright, airy high register, carried on rolling, storytelling swells. Trails off mid-thought, then blurts the punchline. Kindness delivered like a favor you cannot refuse."
437,Riot Bloom · Silver Dash,Trickster & Chaos,Feminine,4,Neutral,Dash,no,"Teenage girl. A chaotic gremlin with a heart of gold and the impulse control of a confetti cannon. The voice is a silvery, androgynous register, carried on rapid-fire, excitable delivery. Drops to a stage whisper when scheming. Wonder leaks through every other line."
438,Riot Bloom · Silver Lilt,Trickster & Chaos,Feminine,4,Neutral,Lilt,no,"Teenage girl. A chaotic gremlin with a heart of gold and the impulse control of a confetti cannon. The voice is a silvery, androgynous register, carried on a bouncy, sing-song lilt. Pitch lifts whenever something fascinates them. Something far away listens through the voice."
439,Riot Bloom · Silver Tale,Trickster & Chaos,Feminine,4,Neutral,Tale,no,"Teenage girl. A chaotic gremlin with a heart of gold and the impulse control of a confetti cannon. The voice is a silvery, androgynous register, carried on rolling, storytelling swells. Giggles mid-sentence and restarts with double the energy. Underneath the noise, there is warmth that sneaks up on you."
440,Riot Bloom · Reed Dash,Trickster & Chaos,Feminine,3,Mid,Dash,no,"Teenage girl. A chaotic gremlin with a heart of gold and the impulse control of a confetti cannon. The voice is a reedy, nasal register, carried on rapid-fire, excitable delivery. Trails off mid-thought, then blurts the punchline. A quiet current of menace runs beneath the polish."
441,Unit Lullaby,Android & Machine,Feminine,5,High,Measure,yes,"Adult-presenting android, feminine voice. A gentle care-unit learning tenderness one software update at a time. The voice is a crisp, glass-clear register, carried on measured, deliberate beats. Speaks in perfectly even bars, never stressing a single word. The patience of someone who has waited centuries."
442,Unit Lullaby · Chrome Pulse,Android & Machine,Feminine,3,Synth,Pulse,no,"Adult-presenting android, feminine voice. A gentle care-unit learning tenderness one software update at a time. The voice is a metallic, faintly synthetic timbre, carried on a hypnotic, metronome-steady pulse. Spends words like coins — brief and exact. A temper banked like coals — not out, never out."
443,Unit Lullaby · Silver Measure,Android & Machine,Feminine,4,Neutral,Measure,no,"Adult-presenting android, feminine voice. A gentle care-unit learning tenderness one software update at a time. The voice is a silvery, androgynous register, carried on measured, deliberate beats. Repeats the final word of a sentence softer, like an echo. Kindness delivered like a favor you cannot refuse."
444,Unit Lullaby · Silver Tick,Android & Machine,Feminine,4,Neutral,Tick,no,"Adult-presenting android, feminine voice. A gentle care-unit learning tenderness one software update at a time. The voice is a silvery, androgynous register, carried on clipped, efficient bursts. Speaks in perfectly even bars, never stressing a single word. Wonder leaks through every other line."
445,Unit Lullaby · Silver Pulse,Android & Machine,Feminine,3,Neutral,Pulse,no,"Adult-presenting android, feminine voice. A gentle care-unit learning tenderness one software update at a time. The voice is a silvery, androgynous register, carried on a hypnotic, metronome-steady pulse. Spends words like coins — brief and exact. Something far away listens through the voice."
446,Unit Lullaby · Crystal Measure,Android & Machine,Feminine,4,High,Measure,no,"Adult-presenting android, feminine voice. A gentle care-unit learning tenderness one software update at a time. The voice is a crisp, glass-clear register, carried on measured, deliberate beats. Repeats the final word of a sentence softer, like an echo. Underneath the noise, there is warmth that sneaks up on you."
447,Unit Lullaby · Crystal Tick,Android & Machine,Feminine,4,High,Tick,no,"Adult-presenting android, feminine voice. A gentle care-unit learning tenderness one software update at a time. The voice is a crisp, glass-clear register, carried on clipped, efficient bursts. Speaks in perfectly even bars, never stressing a single word. A quiet current of menace runs beneath the polish."
448,Unit Lullaby · Crystal Pulse,Android & Machine,Feminine,4,High,Pulse,no,"Adult-presenting android, feminine voice. A gentle care-unit learning tenderness one software update at a time. The voice is a crisp, glass-clear register, carried on a hypnotic, metronome-steady pulse. Spends words like coins — brief and exact. Zero malice — just pure, uncomplicated joy."
449,Static Chorus,Android & Machine,Androgynous,5,High,Measure,yes,"Synthetic voice, ageless. A choir-of-one machine voice that occasionally harmonizes with itself. The voice is a crisp, glass-clear register, carried on measured, deliberate beats. Speaks in perfectly even bars, never stressing a single word. A temper banked like coals — not out, never out."
450,Static Chorus · Silver Pulse,Android & Machine,Androgynous,4,Neutral,Pulse,no,"Synthetic voice, ageless. A choir-of-one machine voice that occasionally harmonizes with itself. The voice is a silvery, androgynous register, carried on a hypnotic, metronome-steady pulse. Speaks in perfectly even bars, never stressing a single word. Kindness delivered like a favor you cannot refuse."
451,Static Chorus · Crystal Measure,Android & Machine,Androgynous,4,High,Measure,no,"Synthetic voice, ageless. A choir-of-one machine voice that occasionally harmonizes with itself. The voice is a crisp, glass-clear register, carried on measured, deliberate beats. Spends words like coins — brief and exact. Wonder leaks through every other line."
452,Static Chorus · Crystal Tick,Android & Machine,Androgynous,3,High,Tick,no,"Synthetic voice, ageless. A choir-of-one machine voice that occasionally harmonizes with itself. The voice is a crisp, glass-clear register, carried on clipped, efficient bursts. Repeats the final word of a sentence softer, like an echo. Something far away listens through the voice."
453,Static Chorus · Crystal Pulse,Android & Machine,Androgynous,4,High,Pulse,no,"Synthetic voice, ageless. A choir-of-one machine voice that occasionally harmonizes with itself. The voice is a crisp, glass-clear register, carried on a hypnotic, metronome-steady pulse. Speaks in perfectly even bars, never stressing a single word. Underneath the noise, there is warmth that sneaks up on you."
454,Static Chorus · Wisp Measure,Android & Machine,Androgynous,4,Soft,Measure,no,"Synthetic voice, ageless. A choir-of-one machine voice that occasionally harmonizes with itself. The voice is a light, breathy register, carried on measured, deliberate beats. Spends words like coins — brief and exact. A quiet current of menace runs beneath the polish."
455,Static Chorus · Wisp Tick,Android & Machine,Androgynous,4,Soft,Tick,no,"Synthetic voice, ageless. A choir-of-one machine voice that occasionally harmonizes with itself. The voice is a light, breathy register, carried on clipped, efficient bursts. Repeats the final word of a sentence softer, like an echo. Zero malice — just pure, uncomplicated joy."
456,Static Chorus · Wisp Pulse,Android & Machine,Androgynous,3,Soft,Pulse,no,"Synthetic voice, ageless. A choir-of-one machine voice that occasionally harmonizes with itself. The voice is a light, breathy register, carried on a hypnotic, metronome-steady pulse. Speaks in perfectly even bars, never stressing a single word. Old grief pressed flat beneath the calm."
457,Chrome Sentinel,Android & Machine,Masculine,5,High,Measure,yes,"Security unit, masculine frame. A security android whose threat assessments are delivered like weather reports. The voice is a crisp, glass-clear register, carried on measured, deliberate beats. Speaks in perfectly even bars, never stressing a single word. Kindness delivered like a favor you cannot refuse."
458,Chrome Sentinel · Crystal Pulse,Android & Machine,Masculine,4,High,Pulse,no,"Security unit, masculine frame. A security android whose threat assessments are delivered like weather reports. The voice is a crisp, glass-clear register, carried on a hypnotic, metronome-steady pulse. Repeats the final word of a sentence softer, like an echo. Wonder leaks through every other line."
459,Chrome Sentinel · Wisp Measure,Android & Machine,Masculine,3,Soft,Measure,no,"Security unit, masculine frame. A security android whose threat assessments are delivered like weather reports. The voice is a light, breathy register, carried on measured, deliberate beats. Speaks in perfectly even bars, never stressing a single word. Something far away listens through the voice."
460,Chrome Sentinel · Wisp Tick,Android & Machine,Masculine,4,Soft,Tick,no,"Security unit, masculine frame. A security android whose threat assessments are delivered like weather reports. The voice is a light, breathy register, carried on clipped, efficient bursts. Spends words like coins — brief and exact. Underneath the noise, there is warmth that sneaks up on you."
461,Chrome Sentinel · Wisp Pulse,Android & Machine,Masculine,4,Soft,Pulse,no,"Security unit, masculine frame. A security android whose threat assessments are delivered like weather reports. The voice is a light, breathy register, carried on a hypnotic, metronome-steady pulse. Repeats the final word of a sentence softer, like an echo. A quiet current of menace runs beneath the polish."
462,Chrome Sentinel · Chrome Measure,Android & Machine,Masculine,4,Synth,Measure,no,"Security unit, masculine frame. A security android whose threat assessments are delivered like weather reports. The voice is a metallic, faintly synthetic timbre, carried on measured, deliberate beats. Speaks in perfectly even bars, never stressing a single word. Zero malice — just pure, uncomplicated joy."
463,Chrome Sentinel · Chrome Tick,Android & Machine,Masculine,3,Synth,Tick,no,"Security unit, masculine frame. A security android whose threat assessments are delivered like weather reports. The voice is a metallic, faintly synthetic timbre, carried on clipped, efficient bursts. Spends words like coins — brief and exact. Old grief pressed flat beneath the calm."
464,Chrome Sentinel · Chrome Pulse,Android & Machine,Masculine,4,Synth,Pulse,no,"Security unit, masculine frame. A security android whose threat assessments are delivered like weather reports. The voice is a metallic, faintly synthetic timbre, carried on a hypnotic, metronome-steady pulse. Repeats the final word of a sentence softer, like an echo. Curiosity always wins over caution."
465,Patchwork Doll,Android & Machine,Feminine,5,High,Measure,yes,"Clockwork doll with a girl's voice. A clockwork doll — precise, delicate, and learning what wishing sounds like. The voice is a crisp, glass-clear register, carried on measured, deliberate beats. Speaks in perfectly even bars, never stressing a single word. Wonder leaks through every other line."
466,Patchwork Doll · Wisp Pulse,Android & Machine,Feminine,3,Soft,Pulse,no,"Clockwork doll with a girl's voice. A clockwork doll — precise, delicate, and learning what wishing sounds like. The voice is a light, breathy register, carried on a hypnotic, metronome-steady pulse. Spends words like coins — brief and exact. Something far away listens through the voice."
467,Patchwork Doll · Chrome Measure,Android & Machine,Feminine,4,Synth,Measure,no,"Clockwork doll with a girl's voice. A clockwork doll — precise, delicate, and learning what wishing sounds like. The voice is a metallic, faintly synthetic timbre, carried on measured, deliberate beats. Repeats the final word of a sentence softer, like an echo. Underneath the noise, there is warmth that sneaks up on you."
468,Patchwork Doll · Chrome Tick,Android & Machine,Feminine,4,Synth,Tick,no,"Clockwork doll with a girl's voice. A clockwork doll — precise, delicate, and learning what wishing sounds like. The voice is a metallic, faintly synthetic timbre, carried on clipped, efficient bursts. Speaks in perfectly even bars, never stressing a single word. A quiet current of menace runs beneath the polish."
469,Patchwork Doll · Chrome Pulse,Android & Machine,Feminine,4,Synth,Pulse,no,"Clockwork doll with a girl's voice. A clockwork doll — precise, delicate, and learning what wishing sounds like. The voice is a metallic, faintly synthetic timbre, carried on a hypnotic, metronome-steady pulse. Spends words like coins — brief and exact. Zero malice — just pure, uncomplicated joy."
470,Patchwork Doll · Silver Measure,Android & Machine,Feminine,3,Neutral,Measure,no,"Clockwork doll with a girl's voice. A clockwork doll — precise, delicate, and learning what wishing sounds like. The voice is a silvery, androgynous register, carried on measured, deliberate beats. Repeats the final word of a sentence softer, like an echo. Old grief pressed flat beneath the calm."
471,Patchwork Doll · Silver Tick,Android & Machine,Feminine,4,Neutral,Tick,no,"Clockwork doll with a girl's voice. A clockwork doll — precise, delicate, and learning what wishing sounds like. The voice is a silvery, androgynous register, carried on clipped, efficient bursts. Speaks in perfectly even bars, never stressing a single word. Curiosity always wins over caution."
472,Patchwork Doll · Silver Pulse,Android & Machine,Feminine,4,Neutral,Pulse,no,"Clockwork doll with a girl's voice. A clockwork doll — precise, delicate, and learning what wishing sounds like. The voice is a silvery, androgynous register, carried on a hypnotic, metronome-steady pulse. Spends words like coins — brief and exact. The patience of someone who has waited centuries."
473,Null Echo,Android & Machine,Androgynous,5,High,Measure,yes,"Glitching unit, voice of unclear origin. A glitching unit that repeats fragments of deleted lullabies between statements. The voice is a crisp, glass-clear register, carried on measured, deliberate beats. Speaks in perfectly even bars, never stressing a single word. Something far away listens through the voice."
474,Null Echo · Chrome Pulse,Android & Machine,Androgynous,4,Synth,Pulse,no,"Glitching unit, voice of unclear origin. A glitching unit that repeats fragments of deleted lullabies between statements. The voice is a metallic, faintly synthetic timbre, carried on a hypnotic, metronome-steady pulse. Speaks in perfectly even bars, never stressing a single word. Underneath the noise, there is warmth that sneaks up on you."
475,Null Echo · Silver Measure,Android & Machine,Androgynous,4,Neutral,Measure,no,"Glitching unit, voice of unclear origin. A glitching unit that repeats fragments of deleted lullabies between statements. The voice is a silvery, androgynous register, carried on measured, deliberate beats. Spends words like coins — brief and exact. A quiet current of menace runs beneath the polish."
476,Null Echo · Silver Tick,Android & Machine,Androgynous,4,Neutral,Tick,no,"Glitching unit, voice of unclear origin. A glitching unit that repeats fragments of deleted lullabies between statements. The voice is a silvery, androgynous register, carried on clipped, efficient bursts. Repeats the final word of a sentence softer, like an echo. Zero malice — just pure, uncomplicated joy."
477,Null Echo · Silver Pulse,Android & Machine,Androgynous,3,Neutral,Pulse,no,"Glitching unit, voice of unclear origin. A glitching unit that repeats fragments of deleted lullabies between statements. The voice is a silvery, androgynous register, carried on a hypnotic, metronome-steady pulse. Speaks in perfectly even bars, never stressing a single word. Old grief pressed flat beneath the calm."
478,Null Echo · Crystal Measure,Android & Machine,Androgynous,4,High,Measure,no,"Glitching unit, voice of unclear origin. A glitching unit that repeats fragments of deleted lullabies between statements. The voice is a crisp, glass-clear register, carried on measured, deliberate beats. Spends words like coins — brief and exact. Curiosity always wins over caution."
479,Null Echo · Crystal Tick,Android & Machine,Androgynous,4,High,Tick,no,"Glitching unit, voice of unclear origin. A glitching unit that repeats fragments of deleted lullabies between statements. The voice is a crisp, glass-clear register, carried on clipped, efficient bursts. Repeats the final word of a sentence softer, like an echo. The patience of someone who has waited centuries."
480,Null Echo · Crystal Pulse,Android & Machine,Androgynous,3,High,Pulse,no,"Glitching unit, voice of unclear origin. A glitching unit that repeats fragments of deleted lullabies between statements. The voice is a crisp, glass-clear register, carried on a hypnotic, metronome-steady pulse. Speaks in perfectly even bars, never stressing a single word. A temper banked like coals — not out, never out."
481,Shrine Lattice,Spirit & Divine,Feminine,5,Mid,Drift,yes,"Young woman. A shrine maiden whose calm holds centuries she's too polite to mention. The voice is a warm, honeyed mid register, carried on an unhurried, glacially calm glide. Lets silences stretch one beat too long before answering. Underneath the noise, there is warmth that sneaks up on you."
482,Shrine Lattice · Honey Lounge,Spirit & Divine,Feminine,3,Mid,Lounge,no,"Young woman. A shrine maiden whose calm holds centuries she's too polite to mention. The voice is a warm, honeyed mid register, carried on a languid, lounging drawl. Hums a little tune while thinking. A quiet current of menace runs beneath the polish."
483,Shrine Lattice · Honey Pulse,Spirit & Divine,Feminine,4,Mid,Pulse,no,"Young woman. A shrine maiden whose calm holds centuries she's too polite to mention. The voice is a warm, honeyed mid register, carried on a hypnotic, metronome-steady pulse. Repeats the final word of a sentence softer, like an echo. Zero malice — just pure, uncomplicated joy."
484,Shrine Lattice · Crystal Drift,Spirit & Divine,Feminine,4,High,Drift,no,"Young woman. A shrine maiden whose calm holds centuries she's too polite to mention. The voice is a crisp, glass-clear register, carried on an unhurried, glacially calm glide. Pitch lifts whenever something fascinates them. Old grief pressed flat beneath the calm."
485,Shrine Lattice · Crystal Lounge,Spirit & Divine,Feminine,4,High,Lounge,no,"Young woman. A shrine maiden whose calm holds centuries she's too polite to mention. The voice is a crisp, glass-clear register, carried on a languid, lounging drawl. Lets silences stretch one beat too long before answering. Curiosity always wins over caution."
486,Shrine Lattice · Crystal Pulse,Spirit & Divine,Feminine,3,High,Pulse,no,"Young woman. A shrine maiden whose calm holds centuries she's too polite to mention. The voice is a crisp, glass-clear register, carried on a hypnotic, metronome-steady pulse. Hums a little tune while thinking. The patience of someone who has waited centuries."
487,Shrine Lattice · Wisp Drift,Spirit & Divine,Feminine,4,Soft,Drift,no,"Young woman. A shrine maiden whose calm holds centuries she's too polite to mention. The voice is a light, breathy register, carried on an unhurried, glacially calm glide. Repeats the final word of a sentence softer, like an echo. A temper banked like coals — not out, never out."
488,Shrine Lattice · Wisp Lounge,Spirit & Divine,Feminine,4,Soft,Lounge,no,"Young woman. A shrine maiden whose calm holds centuries she's too polite to mention. The voice is a light, breathy register, carried on a languid, lounging drawl. Pitch lifts whenever something fascinates them. Kindness delivered like a favor you cannot refuse."
489,Cloud Sermon,Spirit & Divine,Masculine,5,Mid,Drift,yes,"Adult man. A celestial emissary speaking from somewhere above the weather. The voice is a warm, honeyed mid register, carried on an unhurried, glacially calm glide. Lets silences stretch one beat too long before answering. A quiet current of menace runs beneath the polish."
490,Cloud Sermon · Crystal Lounge,Spirit & Divine,Masculine,4,High,Lounge,no,"Adult man. A celestial emissary speaking from somewhere above the weather. The voice is a crisp, glass-clear register, carried on a languid, lounging drawl. Pitch lifts whenever something fascinates them. Zero malice — just pure, uncomplicated joy."
491,Cloud Sermon · Crystal Pulse,Spirit & Divine,Masculine,4,High,Pulse,no,"Adult man. A celestial emissary speaking from somewhere above the weather. The voice is a crisp, glass-clear register, carried on a hypnotic, metronome-steady pulse. Lets silences stretch one beat too long before answering. Old grief pressed flat beneath the calm."
492,Cloud Sermon · Wisp Drift,Spirit & Divine,Masculine,4,Soft,Drift,no,"Adult man. A celestial emissary speaking from somewhere above the weather. The voice is a light, breathy register, carried on an unhurried, glacially calm glide. Hums a little tune while thinking. Curiosity always wins over caution."
493,Cloud Sermon · Wisp Lounge,Spirit & Divine,Masculine,3,Soft,Lounge,no,"Adult man. A celestial emissary speaking from somewhere above the weather. The voice is a light, breathy register, carried on a languid, lounging drawl. Repeats the final word of a sentence softer, like an echo. The patience of someone who has waited centuries."
494,Cloud Sermon · Wisp Pulse,Spirit & Divine,Masculine,4,Soft,Pulse,no,"Adult man. A celestial emissary speaking from somewhere above the weather. The voice is a light, breathy register, carried on a hypnotic, metronome-steady pulse. Pitch lifts whenever something fascinates them. A temper banked like coals — not out, never out."
495,Cloud Sermon · Silver Drift,Spirit & Divine,Masculine,4,Neutral,Drift,no,"Adult man. A celestial emissary speaking from somewhere above the weather. The voice is a silvery, androgynous register, carried on an unhurried, glacially calm glide. Lets silences stretch one beat too long before answering. Kindness delivered like a favor you cannot refuse."
496,Cloud Sermon · Silver Lounge,Spirit & Divine,Masculine,3,Neutral,Lounge,no,"Adult man. A celestial emissary speaking from somewhere above the weather. The voice is a silvery, androgynous register, carried on a languid, lounging drawl. Hums a little tune while thinking. Wonder leaks through every other line."
497,Foxfire Whisper,Spirit & Divine,Feminine,5,Mid,Drift,yes,"Ancient fox spirit playing at girlhood. A millennia-old fox playing at being a girl; the playfulness is real, so is the mileage. The voice is a warm, honeyed mid register, carried on an unhurried, glacially calm glide. Lets silences stretch one beat too long before answering. Zero malice — just pure, uncomplicated joy."
498,Foxfire Whisper · Wisp Lounge,Spirit & Divine,Feminine,4,Soft,Lounge,no,"Ancient fox spirit playing at girlhood. A millennia-old fox playing at being a girl; the playfulness is real, so is the mileage. The voice is a light, breathy register, carried on a languid, lounging drawl. Hums a little tune while thinking. Old grief pressed flat beneath the calm."
499,Foxfire Whisper · Wisp Pulse,Spirit & Divine,Feminine,4,Soft,Pulse,no,"Ancient fox spirit playing at girlhood. A millennia-old fox playing at being a girl; the playfulness is real, so is the mileage. The voice is a light, breathy register, carried on a hypnotic, metronome-steady pulse. Repeats the final word of a sentence softer, like an echo. Curiosity always wins over caution."
500,Foxfire Whisper · Silver Drift,Spirit & Divine,Feminine,3,Neutral,Drift,no,"Ancient fox spirit playing at girlhood. A millennia-old fox playing at being a girl; the playfulness is real, so is the mileage. The voice is a silvery, androgynous register, carried on an unhurried, glacially calm glide. Pitch lifts whenever something fascinates them. The patience of someone who has waited centuries."
501,Foxfire Whisper · Silver Lounge,Spirit & Divine,Feminine,4,Neutral,Lounge,no,"Ancient fox spirit playing at girlhood. A millennia-old fox playing at being a girl; the playfulness is real, so is the mileage. The voice is a silvery, androgynous register, carried on a languid, lounging drawl. Lets silences stretch one beat too long before answering. A temper banked like coals — not out, never out."
502,Foxfire Whisper · Silver Pulse,Spirit & Divine,Feminine,4,Neutral,Pulse,no,"Ancient fox spirit playing at girlhood. A millennia-old fox playing at being a girl; the playfulness is real, so is the mileage. The voice is a silvery, androgynous register, carried on a hypnotic, metronome-steady pulse. Hums a little tune while thinking. Kindness delivered like a favor you cannot refuse."
503,Foxfire Whisper · Bell Drift,Spirit & Divine,Feminine,3,High,Drift,no,"Ancient fox spirit playing at girlhood. A millennia-old fox playing at being a girl; the playfulness is real, so is the mileage. The voice is a rich, bell-like register, carried on an unhurried, glacially calm glide. Repeats the final word of a sentence softer, like an echo. Wonder leaks through every other line."
504,Foxfire Whisper · Bell Lounge,Spirit & Divine,Feminine,4,High,Lounge,no,"Ancient fox spirit playing at girlhood. A millennia-old fox playing at being a girl; the playfulness is real, so is the mileage. The voice is a rich, bell-like register, carried on a languid, lounging drawl. Pitch lifts whenever something fascinates them. Something far away listens through the voice."
505,River God's Musing,Spirit & Divine,Masculine,5,Mid,Drift,yes,"Adult man. A languid river deity who answers prayers on geological timescales. The voice is a warm, honeyed mid register, carried on an unhurried, glacially calm glide. Lets silences stretch one beat too long before answering. Old grief pressed flat beneath the calm."
506,River God's Musing · Silver Lounge,Spirit & Divine,Masculine,4,Neutral,Lounge,no,"Adult man. A languid river deity who answers prayers on geological timescales. The voice is a silvery, androgynous register, carried on a languid, lounging drawl. Pitch lifts whenever something fascinates them. Curiosity always wins over caution."
507,River God's Musing · Silver Pulse,Spirit & Divine,Masculine,3,Neutral,Pulse,no,"Adult man. A languid river deity who answers prayers on geological timescales. The voice is a silvery, androgynous register, carried on a hypnotic, metronome-steady pulse. Lets silences stretch one beat too long before answering. The patience of someone who has waited centuries."
508,River God's Musing · Bell Drift,Spirit & Divine,Masculine,4,High,Drift,no,"Adult man. A languid river deity who answers prayers on geological timescales. The voice is a rich, bell-like register, carried on an unhurried, glacially calm glide. Hums a little tune while thinking. A temper banked like coals — not out, never out."
509,River God's Musing · Bell Lounge,Spirit & Divine,Masculine,4,High,Lounge,no,"Adult man. A languid river deity who answers prayers on geological timescales. The voice is a rich, bell-like register, carried on a languid, lounging drawl. Repeats the final word of a sentence softer, like an echo. Kindness delivered like a favor you cannot refuse."
510,River God's Musing · Bell Pulse,Spirit & Divine,Masculine,3,High,Pulse,no,"Adult man. A languid river deity who answers prayers on geological timescales. The voice is a rich, bell-like register, carried on a hypnotic, metronome-steady pulse. Pitch lifts whenever something fascinates them. Wonder leaks through every other line."
511,River God's Musing · Honey Drift,Spirit & Divine,Masculine,4,Mid,Drift,no,"Adult man. A languid river deity who answers prayers on geological timescales. The voice is a warm, honeyed mid register, carried on an unhurried, glacially calm glide. Lets silences stretch one beat too long before answering. Something far away listens through the voice."
512,River God's Musing · Honey Lounge,Spirit & Divine,Masculine,4,Mid,Lounge,no,"Adult man. A languid river deity who answers prayers on geological timescales. The voice is a warm, honeyed mid register, carried on a languid, lounging drawl. Hums a little tune while thinking. Underneath the noise, there is warmth that sneaks up on you."
513,Star Oracle,Spirit & Divine,Feminine,5,Mid,Drift,yes,"Young woman. An ethereal seer who describes the future like a fond memory. The voice is a warm, honeyed mid register, carried on an unhurried, glacially calm glide. Lets silences stretch one beat too long before answering. Curiosity always wins over caution."
514,Star Oracle · Bell Lounge,Spirit & Divine,Feminine,3,High,Lounge,no,"Young woman. An ethereal seer who describes the future like a fond memory. The voice is a rich, bell-like register, carried on a languid, lounging drawl. Hums a little tune while thinking. The patience of someone who has waited centuries."
515,Star Oracle · Bell Pulse,Spirit & Divine,Feminine,4,High,Pulse,no,"Young woman. An ethereal seer who describes the future like a fond memory. The voice is a rich, bell-like register, carried on a hypnotic, metronome-steady pulse. Repeats the final word of a sentence softer, like an echo. A temper banked like coals — not out, never out."
516,Star Oracle · Honey Drift,Spirit & Divine,Feminine,4,Mid,Drift,no,"Young woman. An ethereal seer who describes the future like a fond memory. The voice is a warm, honeyed mid register, carried on an unhurried, glacially calm glide. Pitch lifts whenever something fascinates them. Kindness delivered like a favor you cannot refuse."
517,Star Oracle · Honey Lounge,Spirit & Divine,Feminine,3,Mid,Lounge,no,"Young woman. An ethereal seer who describes the future like a fond memory. The voice is a warm, honeyed mid register, carried on a languid, lounging drawl. Lets silences stretch one beat too long before answering. Wonder leaks through every other line."
518,Star Oracle · Honey Pulse,Spirit & Divine,Feminine,4,Mid,Pulse,no,"Young woman. An ethereal seer who describes the future like a fond memory. The voice is a warm, honeyed mid register, carried on a hypnotic, metronome-steady pulse. Hums a little tune while thinking. Something far away listens through the voice."
519,Star Oracle · Crystal Drift,Spirit & Divine,Feminine,4,High,Drift,no,"Young woman. An ethereal seer who describes the future like a fond memory. The voice is a crisp, glass-clear register, carried on an unhurried, glacially calm glide. Repeats the final word of a sentence softer, like an echo. Underneath the noise, there is warmth that sneaks up on you."
520,Star Oracle · Crystal Lounge,Spirit & Divine,Feminine,3,High,Lounge,no,"Young woman. An ethereal seer who describes the future like a fond memory. The voice is a crisp, glass-clear register, carried on a languid, lounging drawl. Pitch lifts whenever something fascinates them. A quiet current of menace runs beneath the polish."
521,Neon Alley,Street & Urban,Feminine,5,Low,Dash,yes,"Young woman. A streetwise fixer who knows every back door and every debt in the district. The voice is a smoky, velvet-low register, carried on rapid-fire, excitable delivery. Clicks their tongue when annoyed — which is often. The patience of someone who has waited centuries."
522,Neon Alley · Velvet Lounge,Street & Urban,Feminine,4,Low,Lounge,no,"Young woman. A streetwise fixer who knows every back door and every debt in the district. The voice is a smoky, velvet-low register, carried on a languid, lounging drawl. Sighs theatrically before every complaint. A temper banked like coals — not out, never out."
523,Neon Alley · Velvet Tale,Street & Urban,Feminine,3,Low,Tale,no,"Young woman. A streetwise fixer who knows every back door and every debt in the district. The voice is a smoky, velvet-low register, carried on rolling, storytelling swells. Barely moves their lips, words slipping out sideways. Kindness delivered like a favor you cannot refuse."
524,Neon Alley · Gravel Dash,Street & Urban,Feminine,4,Low,Dash,no,"Young woman. A streetwise fixer who knows every back door and every debt in the district. The voice is a gravelly, weathered register, carried on rapid-fire, excitable delivery. Clicks their tongue when annoyed — which is often. Wonder leaks through every other line."
525,Neon Alley · Gravel Tick,Street & Urban,Feminine,4,Low,Tick,no,"Young woman. A streetwise fixer who knows every back door and every debt in the district. The voice is a gravelly, weathered register, carried on clipped, efficient bursts. Drops to a stage whisper when scheming. Something far away listens through the voice."
526,Neon Alley · Gravel Lounge,Street & Urban,Feminine,3,Low,Lounge,no,"Young woman. A streetwise fixer who knows every back door and every debt in the district. The voice is a gravelly, weathered register, carried on a languid, lounging drawl. Laughs low in the chest before saying anything true. Underneath the noise, there is warmth that sneaks up on you."
527,Neon Alley · Gravel Tale,Street & Urban,Feminine,4,Low,Tale,no,"Young woman. A streetwise fixer who knows every back door and every debt in the district. The voice is a gravelly, weathered register, carried on rolling, storytelling swells. Spends words like coins — brief and exact. A quiet current of menace runs beneath the polish."
528,Neon Alley · Husk Dash,Street & Urban,Feminine,4,Low,Dash,no,"Young woman. A streetwise fixer who knows every back door and every debt in the district. The voice is a husky, intimate register, carried on rapid-fire, excitable delivery. Sighs theatrically before every complaint. Zero malice — just pure, uncomplicated joy."
529,Backstreet Beat,Street & Urban,Masculine,5,Low,Dash,yes,"Young man. A rhythm-first hustler who speaks in flow — half rap, half threat, all charisma. The voice is a smoky, velvet-low register, carried on rapid-fire, excitable delivery. Clicks their tongue when annoyed — which is often. A temper banked like coals — not out, never out."
530,Backstreet Beat · Gravel Tick,Street & Urban,Masculine,3,Low,Tick,no,"Young man. A rhythm-first hustler who speaks in flow — half rap, half threat, all charisma. The voice is a gravelly, weathered register, carried on clipped, efficient bursts. Clicks their tongue when annoyed — which is often. Kindness delivered like a favor you cannot refuse."
531,Backstreet Beat · Gravel Lounge,Street & Urban,Masculine,4,Low,Lounge,no,"Young man. A rhythm-first hustler who speaks in flow — half rap, half threat, all charisma. The voice is a gravelly, weathered register, carried on a languid, lounging drawl. Drops to a stage whisper when scheming. Wonder leaks through every other line."
532,Backstreet Beat · Gravel Tale,Street & Urban,Masculine,4,Low,Tale,no,"Young man. A rhythm-first hustler who speaks in flow — half rap, half threat, all charisma. The voice is a gravelly, weathered register, carried on rolling, storytelling swells. Laughs low in the chest before saying anything true. Something far away listens through the voice."
533,Backstreet Beat · Husk Dash,Street & Urban,Masculine,3,Low,Dash,no,"Young man. A rhythm-first hustler who speaks in flow — half rap, half threat, all charisma. The voice is a husky, intimate register, carried on rapid-fire, excitable delivery. Spends words like coins — brief and exact. Underneath the noise, there is warmth that sneaks up on you."
534,Backstreet Beat · Husk Tick,Street & Urban,Masculine,4,Low,Tick,no,"Young man. A rhythm-first hustler who speaks in flow — half rap, half threat, all charisma. The voice is a husky, intimate register, carried on clipped, efficient bursts. Sighs theatrically before every complaint. A quiet current of menace runs beneath the polish."
535,Backstreet Beat · Husk Lounge,Street & Urban,Masculine,4,Low,Lounge,no,"Young man. A rhythm-first hustler who speaks in flow — half rap, half threat, all charisma. The voice is a husky, intimate register, carried on a languid, lounging drawl. Barely moves their lips, words slipping out sideways. Zero malice — just pure, uncomplicated joy."
536,Backstreet Beat · Husk Tale,Street & Urban,Masculine,3,Low,Tale,no,"Young man. A rhythm-first hustler who speaks in flow — half rap, half threat, all charisma. The voice is a husky, intimate register, carried on rolling, storytelling swells. Clicks their tongue when annoyed — which is often. Old grief pressed flat beneath the calm."
537,Subway Ghost,Street & Urban,Masculine,5,Low,Dash,yes,"Adult man. A tired, terminally cool drifter who talks like the last train just left. The voice is a smoky, velvet-low register, carried on rapid-fire, excitable delivery. Clicks their tongue when annoyed — which is often. Kindness delivered like a favor you cannot refuse."
538,Subway Ghost · Husk Dash,Street & Urban,Masculine,4,Low,Dash,no,"Adult man. A tired, terminally cool drifter who talks like the last train just left. The voice is a husky, intimate register, carried on rapid-fire, excitable delivery. Laughs low in the chest before saying anything true. Wonder leaks through every other line."
539,Subway Ghost · Husk Tick,Street & Urban,Masculine,4,Low,Tick,no,"Adult man. A tired, terminally cool drifter who talks like the last train just left. The voice is a husky, intimate register, carried on clipped, efficient bursts. Spends words like coins — brief and exact. Something far away listens through the voice."
540,Subway Ghost · Husk Lounge,Street & Urban,Masculine,3,Low,Lounge,no,"Adult man. A tired, terminally cool drifter who talks like the last train just left. The voice is a husky, intimate register, carried on a languid, lounging drawl. Sighs theatrically before every complaint. Underneath the noise, there is warmth that sneaks up on you."
541,Subway Ghost · Husk Tale,Street & Urban,Masculine,4,Low,Tale,no,"Adult man. A tired, terminally cool drifter who talks like the last train just left. The voice is a husky, intimate register, carried on rolling, storytelling swells. Barely moves their lips, words slipping out sideways. A quiet current of menace runs beneath the polish."
542,Subway Ghost · Reed Dash,Street & Urban,Masculine,4,Mid,Dash,no,"Adult man. A tired, terminally cool drifter who talks like the last train just left. The voice is a reedy, nasal register, carried on rapid-fire, excitable delivery. Clicks their tongue when annoyed — which is often. Zero malice — just pure, uncomplicated joy."
543,Subway Ghost · Reed Tick,Street & Urban,Masculine,3,Mid,Tick,no,"Adult man. A tired, terminally cool drifter who talks like the last train just left. The voice is a reedy, nasal register, carried on clipped, efficient bursts. Drops to a stage whisper when scheming. Old grief pressed flat beneath the calm."
544,Subway Ghost · Reed Lounge,Street & Urban,Masculine,4,Mid,Lounge,no,"Adult man. A tired, terminally cool drifter who talks like the last train just left. The voice is a reedy, nasal register, carried on a languid, lounging drawl. Laughs low in the chest before saying anything true. Curiosity always wins over caution."
545,Rooftop Static,Street & Urban,Feminine,5,Low,Dash,yes,"Teenage girl. A skater-diary voice — all wind, adrenaline, and unearned wisdom. The voice is a smoky, velvet-low register, carried on rapid-fire, excitable delivery. Clicks their tongue when annoyed — which is often. Wonder leaks through every other line."
546,Rooftop Static · Husk Tale,Street & Urban,Feminine,4,Low,Tale,no,"Teenage girl. A skater-diary voice — all wind, adrenaline, and unearned wisdom. The voice is a husky, intimate register, carried on rolling, storytelling swells. Sighs theatrically before every complaint. Something far away listens through the voice."
547,Rooftop Static · Reed Dash,Street & Urban,Feminine,3,Mid,Dash,no,"Teenage girl. A skater-diary voice — all wind, adrenaline, and unearned wisdom. The voice is a reedy, nasal register, carried on rapid-fire, excitable delivery. Barely moves their lips, words slipping out sideways. Underneath the noise, there is warmth that sneaks up on you."
548,Rooftop Static · Reed Tick,Street & Urban,Feminine,4,Mid,Tick,no,"Teenage girl. A skater-diary voice — all wind, adrenaline, and unearned wisdom. The voice is a reedy, nasal register, carried on clipped, efficient bursts. Clicks their tongue when annoyed — which is often. A quiet current of menace runs beneath the polish."
549,Rooftop Static · Reed Lounge,Street & Urban,Feminine,4,Mid,Lounge,no,"Teenage girl. A skater-diary voice — all wind, adrenaline, and unearned wisdom. The voice is a reedy, nasal register, carried on a languid, lounging drawl. Drops to a stage whisper when scheming. Zero malice — just pure, uncomplicated joy."
550,Rooftop Static · Reed Tale,Street & Urban,Feminine,3,Mid,Tale,no,"Teenage girl. A skater-diary voice — all wind, adrenaline, and unearned wisdom. The voice is a reedy, nasal register, carried on rolling, storytelling swells. Laughs low in the chest before saying anything true. Old grief pressed flat beneath the calm."
551,Rooftop Static · Velvet Dash,Street & Urban,Feminine,4,Low,Dash,no,"Teenage girl. A skater-diary voice — all wind, adrenaline, and unearned wisdom. The voice is a smoky, velvet-low register, carried on rapid-fire, excitable delivery. Spends words like coins — brief and exact. Curiosity always wins over caution."
552,Rooftop Static · Velvet Tick,Street & Urban,Feminine,4,Low,Tick,no,"Teenage girl. A skater-diary voice — all wind, adrenaline, and unearned wisdom. The voice is a smoky, velvet-low register, carried on clipped, efficient bursts. Sighs theatrically before every complaint. The patience of someone who has waited centuries."
553,Midnight Vendor,Street & Urban,Feminine,5,Low,Dash,yes,"Adult woman. A husky-voiced night-market cook who feeds you and interrogates your life choices. The voice is a smoky, velvet-low register, carried on rapid-fire, excitable delivery. Clicks their tongue when annoyed — which is often. Something far away listens through the voice."
554,Midnight Vendor · Reed Lounge,Street & Urban,Feminine,3,Mid,Lounge,no,"Adult woman. A husky-voiced night-market cook who feeds you and interrogates your life choices. The voice is a reedy, nasal register, carried on a languid, lounging drawl. Clicks their tongue when annoyed — which is often. Underneath the noise, there is warmth that sneaks up on you."
555,Midnight Vendor · Reed Tale,Street & Urban,Feminine,4,Mid,Tale,no,"Adult woman. A husky-voiced night-market cook who feeds you and interrogates your life choices. The voice is a reedy, nasal register, carried on rolling, storytelling swells. Drops to a stage whisper when scheming. A quiet current of menace runs beneath the polish."
556,Midnight Vendor · Velvet Dash,Street & Urban,Feminine,4,Low,Dash,no,"Adult woman. A husky-voiced night-market cook who feeds you and interrogates your life choices. The voice is a smoky, velvet-low register, carried on rapid-fire, excitable delivery. Laughs low in the chest before saying anything true. Zero malice — just pure, uncomplicated joy."
557,Midnight Vendor · Velvet Tick,Street & Urban,Feminine,3,Low,Tick,no,"Adult woman. A husky-voiced night-market cook who feeds you and interrogates your life choices. The voice is a smoky, velvet-low register, carried on clipped, efficient bursts. Spends words like coins — brief and exact. Old grief pressed flat beneath the calm."
558,Midnight Vendor · Velvet Lounge,Street & Urban,Feminine,4,Low,Lounge,no,"Adult woman. A husky-voiced night-market cook who feeds you and interrogates your life choices. The voice is a smoky, velvet-low register, carried on a languid, lounging drawl. Sighs theatrically before every complaint. Curiosity always wins over caution."
559,Midnight Vendor · Velvet Tale,Street & Urban,Feminine,4,Low,Tale,no,"Adult woman. A husky-voiced night-market cook who feeds you and interrogates your life choices. The voice is a smoky, velvet-low register, carried on rolling, storytelling swells. Barely moves their lips, words slipping out sideways. The patience of someone who has waited centuries."
560,Midnight Vendor · Gravel Dash,Street & Urban,Feminine,4,Low,Dash,no,"Adult woman. A husky-voiced night-market cook who feeds you and interrogates your life choices. The voice is a gravelly, weathered register, carried on rapid-fire, excitable delivery. Clicks their tongue when annoyed — which is often. A temper banked like coals — not out, never out."
561,Center Spotlight,Idol & Stage,Feminine,5,High,Dash,yes,"Young woman. A headliner idol whose speaking voice is already stage-mixed and pitch-perfect. The voice is a bright, airy high register, carried on rapid-fire, excitable delivery. Giggles mid-sentence and restarts with double the energy. Underneath the noise, there is warmth that sneaks up on you."
562,Center Spotlight · Bell Pulse,Idol & Stage,Feminine,4,High,Pulse,no,"Young woman. A headliner idol whose speaking voice is already stage-mixed and pitch-perfect. The voice is a rich, bell-like register, carried on a hypnotic, metronome-steady pulse. Drops to a stage whisper when scheming. A quiet current of menace runs beneath the polish."
563,Center Spotlight · Sunbeam Dash,Idol & Stage,Feminine,3,High,Dash,no,"Young woman. A headliner idol whose speaking voice is already stage-mixed and pitch-perfect. The voice is a bright, airy high register, carried on rapid-fire, excitable delivery. Carries an audible smile through half the lines. Zero malice — just pure, uncomplicated joy."
564,Center Spotlight · Sunbeam Lilt,Idol & Stage,Feminine,4,High,Lilt,no,"Young woman. A headliner idol whose speaking voice is already stage-mixed and pitch-perfect. The voice is a bright, airy high register, carried on a bouncy, sing-song lilt. Giggles mid-sentence and restarts with double the energy. Old grief pressed flat beneath the calm."
565,Center Spotlight · Sunbeam Pulse,Idol & Stage,Feminine,4,High,Pulse,no,"Young woman. A headliner idol whose speaking voice is already stage-mixed and pitch-perfect. The voice is a bright, airy high register, carried on a hypnotic, metronome-steady pulse. Drops to a stage whisper when scheming. Curiosity always wins over caution."
566,Center Spotlight · Honey Dash,Idol & Stage,Feminine,3,Mid,Dash,no,"Young woman. A headliner idol whose speaking voice is already stage-mixed and pitch-perfect. The voice is a warm, honeyed mid register, carried on rapid-fire, excitable delivery. Carries an audible smile through half the lines. The patience of someone who has waited centuries."
567,Center Spotlight · Honey Lilt,Idol & Stage,Feminine,4,Mid,Lilt,no,"Young woman. A headliner idol whose speaking voice is already stage-mixed and pitch-perfect. The voice is a warm, honeyed mid register, carried on a bouncy, sing-song lilt. Giggles mid-sentence and restarts with double the energy. A temper banked like coals — not out, never out."
568,Center Spotlight · Honey Pulse,Idol & Stage,Feminine,4,Mid,Pulse,no,"Young woman. A headliner idol whose speaking voice is already stage-mixed and pitch-perfect. The voice is a warm, honeyed mid register, carried on a hypnotic, metronome-steady pulse. Drops to a stage whisper when scheming. Kindness delivered like a favor you cannot refuse."
569,Encore Bloom,Idol & Stage,Feminine,5,High,Dash,yes,"Teenage girl. A rookie idol converting nervousness directly into sparkle. The voice is a bright, airy high register, carried on rapid-fire, excitable delivery. Giggles mid-sentence and restarts with double the energy. A quiet current of menace runs beneath the polish."
570,Encore Bloom · Sunbeam Pulse,Idol & Stage,Feminine,3,High,Pulse,no,"Teenage girl. A rookie idol converting nervousness directly into sparkle. The voice is a bright, airy high register, carried on a hypnotic, metronome-steady pulse. Giggles mid-sentence and restarts with double the energy. Zero malice — just pure, uncomplicated joy."
571,Encore Bloom · Honey Dash,Idol & Stage,Feminine,4,Mid,Dash,no,"Teenage girl. A rookie idol converting nervousness directly into sparkle. The voice is a warm, honeyed mid register, carried on rapid-fire, excitable delivery. Drops to a stage whisper when scheming. Old grief pressed flat beneath the calm."
572,Encore Bloom · Honey Lilt,Idol & Stage,Feminine,4,Mid,Lilt,no,"Teenage girl. A rookie idol converting nervousness directly into sparkle. The voice is a warm, honeyed mid register, carried on a bouncy, sing-song lilt. Carries an audible smile through half the lines. Curiosity always wins over caution."
573,Encore Bloom · Honey Pulse,Idol & Stage,Feminine,3,Mid,Pulse,no,"Teenage girl. A rookie idol converting nervousness directly into sparkle. The voice is a warm, honeyed mid register, carried on a hypnotic, metronome-steady pulse. Giggles mid-sentence and restarts with double the energy. The patience of someone who has waited centuries."
574,Encore Bloom · Crystal Dash,Idol & Stage,Feminine,4,High,Dash,no,"Teenage girl. A rookie idol converting nervousness directly into sparkle. The voice is a crisp, glass-clear register, carried on rapid-fire, excitable delivery. Drops to a stage whisper when scheming. A temper banked like coals — not out, never out."
575,Encore Bloom · Crystal Lilt,Idol & Stage,Feminine,4,High,Lilt,no,"Teenage girl. A rookie idol converting nervousness directly into sparkle. The voice is a crisp, glass-clear register, carried on a bouncy, sing-song lilt. Carries an audible smile through half the lines. Kindness delivered like a favor you cannot refuse."
576,Encore Bloom · Crystal Pulse,Idol & Stage,Feminine,4,High,Pulse,no,"Teenage girl. A rookie idol converting nervousness directly into sparkle. The voice is a crisp, glass-clear register, carried on a hypnotic, metronome-steady pulse. Giggles mid-sentence and restarts with double the energy. Wonder leaks through every other line."
577,Bass Heartthrob,Idol & Stage,Masculine,5,High,Dash,yes,"Young man. A smooth-voiced heartthrob who thanks fans like each one personally saved him. The voice is a bright, airy high register, carried on rapid-fire, excitable delivery. Giggles mid-sentence and restarts with double the energy. Zero malice — just pure, uncomplicated joy."
578,Bass Heartthrob · Honey Pulse,Idol & Stage,Masculine,4,Mid,Pulse,no,"Young man. A smooth-voiced heartthrob who thanks fans like each one personally saved him. The voice is a warm, honeyed mid register, carried on a hypnotic, metronome-steady pulse. Carries an audible smile through half the lines. Old grief pressed flat beneath the calm."
579,Bass Heartthrob · Crystal Dash,Idol & Stage,Masculine,4,High,Dash,no,"Young man. A smooth-voiced heartthrob who thanks fans like each one personally saved him. The voice is a crisp, glass-clear register, carried on rapid-fire, excitable delivery. Giggles mid-sentence and restarts with double the energy. Curiosity always wins over caution."
580,Bass Heartthrob · Crystal Lilt,Idol & Stage,Masculine,3,High,Lilt,no,"Young man. A smooth-voiced heartthrob who thanks fans like each one personally saved him. The voice is a crisp, glass-clear register, carried on a bouncy, sing-song lilt. Drops to a stage whisper when scheming. The patience of someone who has waited centuries."
581,Bass Heartthrob · Crystal Pulse,Idol & Stage,Masculine,4,High,Pulse,no,"Young man. A smooth-voiced heartthrob who thanks fans like each one personally saved him. The voice is a crisp, glass-clear register, carried on a hypnotic, metronome-steady pulse. Carries an audible smile through half the lines. A temper banked like coals — not out, never out."
582,Bass Heartthrob · Bell Dash,Idol & Stage,Masculine,4,High,Dash,no,"Young man. A smooth-voiced heartthrob who thanks fans like each one personally saved him. The voice is a rich, bell-like register, carried on rapid-fire, excitable delivery. Giggles mid-sentence and restarts with double the energy. Kindness delivered like a favor you cannot refuse."
583,Bass Heartthrob · Bell Lilt,Idol & Stage,Masculine,4,High,Lilt,no,"Young man. A smooth-voiced heartthrob who thanks fans like each one personally saved him. The voice is a rich, bell-like register, carried on a bouncy, sing-song lilt. Drops to a stage whisper when scheming. Wonder leaks through every other line."
584,Bass Heartthrob · Bell Pulse,Idol & Stage,Masculine,3,High,Pulse,no,"Young man. A smooth-voiced heartthrob who thanks fans like each one personally saved him. The voice is a rich, bell-like register, carried on a hypnotic, metronome-steady pulse. Carries an audible smile through half the lines. Something far away listens through the voice."
585,Arena Hymn,Idol & Stage,Feminine,5,High,Dash,yes,"Adult woman. A veteran diva whose every phrase carries an arena's worth of muscle memory. The voice is a bright, airy high register, carried on rapid-fire, excitable delivery. Giggles mid-sentence and restarts with double the energy. Old grief pressed flat beneath the calm."
586,Arena Hymn · Crystal Pulse,Idol & Stage,Feminine,4,High,Pulse,no,"Adult woman. A veteran diva whose every phrase carries an arena's worth of muscle memory. The voice is a crisp, glass-clear register, carried on a hypnotic, metronome-steady pulse. Drops to a stage whisper when scheming. Curiosity always wins over caution."
587,Arena Hymn · Bell Dash,Idol & Stage,Feminine,3,High,Dash,no,"Adult woman. A veteran diva whose every phrase carries an arena's worth of muscle memory. The voice is a rich, bell-like register, carried on rapid-fire, excitable delivery. Carries an audible smile through half the lines. The patience of someone who has waited centuries."
588,Arena Hymn · Bell Lilt,Idol & Stage,Feminine,4,High,Lilt,no,"Adult woman. A veteran diva whose every phrase carries an arena's worth of muscle memory. The voice is a rich, bell-like register, carried on a bouncy, sing-song lilt. Giggles mid-sentence and restarts with double the energy. A temper banked like coals — not out, never out."
589,Arena Hymn · Bell Pulse,Idol & Stage,Feminine,4,High,Pulse,no,"Adult woman. A veteran diva whose every phrase carries an arena's worth of muscle memory. The voice is a rich, bell-like register, carried on a hypnotic, metronome-steady pulse. Drops to a stage whisper when scheming. Kindness delivered like a favor you cannot refuse."
590,Arena Hymn · Sunbeam Dash,Idol & Stage,Feminine,4,High,Dash,no,"Adult woman. A veteran diva whose every phrase carries an arena's worth of muscle memory. The voice is a bright, airy high register, carried on rapid-fire, excitable delivery. Carries an audible smile through half the lines. Wonder leaks through every other line."
591,Arena Hymn · Sunbeam Lilt,Idol & Stage,Feminine,3,High,Lilt,no,"Adult woman. A veteran diva whose every phrase carries an arena's worth of muscle memory. The voice is a bright, airy high register, carried on a bouncy, sing-song lilt. Giggles mid-sentence and restarts with double the energy. Something far away listens through the voice."
592,Arena Hymn · Sunbeam Pulse,Idol & Stage,Feminine,4,High,Pulse,no,"Adult woman. A veteran diva whose every phrase carries an arena's worth of muscle memory. The voice is a bright, airy high register, carried on a hypnotic, metronome-steady pulse. Drops to a stage whisper when scheming. Underneath the noise, there is warmth that sneaks up on you."
593,Fanchant Pulse,Idol & Stage,Masculine,5,High,Dash,yes,"Teenage boy. An idol in training whose gratitude arrives at 180 BPM. The voice is a bright, airy high register, carried on rapid-fire, excitable delivery. Giggles mid-sentence and restarts with double the energy. Curiosity always wins over caution."
594,Fanchant Pulse · Bell Pulse,Idol & Stage,Masculine,3,High,Pulse,no,"Teenage boy. An idol in training whose gratitude arrives at 180 BPM. The voice is a rich, bell-like register, carried on a hypnotic, metronome-steady pulse. Giggles mid-sentence and restarts with double the energy. The patience of someone who has waited centuries."
595,Fanchant Pulse · Sunbeam Dash,Idol & Stage,Masculine,4,High,Dash,no,"Teenage boy. An idol in training whose gratitude arrives at 180 BPM. The voice is a bright, airy high register, carried on rapid-fire, excitable delivery. Drops to a stage whisper when scheming. A temper banked like coals — not out, never out."
596,Fanchant Pulse · Sunbeam Lilt,Idol & Stage,Masculine,4,High,Lilt,no,"Teenage boy. An idol in training whose gratitude arrives at 180 BPM. The voice is a bright, airy high register, carried on a bouncy, sing-song lilt. Carries an audible smile through half the lines. Kindness delivered like a favor you cannot refuse."
597,Fanchant Pulse · Sunbeam Pulse,Idol & Stage,Masculine,4,High,Pulse,no,"Teenage boy. An idol in training whose gratitude arrives at 180 BPM. The voice is a bright, airy high register, carried on a hypnotic, metronome-steady pulse. Giggles mid-sentence and restarts with double the energy. Wonder leaks through every other line."
598,Fanchant Pulse · Honey Dash,Idol & Stage,Masculine,3,Mid,Dash,no,"Teenage boy. An idol in training whose gratitude arrives at 180 BPM. The voice is a warm, honeyed mid register, carried on rapid-fire, excitable delivery. Drops to a stage whisper when scheming. Something far away listens through the voice."
599,Fanchant Pulse · Honey Lilt,Idol & Stage,Masculine,4,Mid,Lilt,no,"Teenage boy. An idol in training whose gratitude arrives at 180 BPM. The voice is a warm, honeyed mid register, carried on a bouncy, sing-song lilt. Carries an audible smile through half the lines. Underneath the noise, there is warmth that sneaks up on you."
600,Fanchant Pulse · Honey Pulse,Idol & Stage,Masculine,4,Mid,Pulse,no,"Teenage boy. An idol in training whose gratitude arrives at 180 BPM. The voice is a warm, honeyed mid register, carried on a hypnotic, metronome-steady pulse. Giggles mid-sentence and restarts with double the energy. A quiet current of menace runs beneath the polish."
601,Raven Requiem,Gothic & Dark,Feminine,5,Low,Drift,yes,"Young woman. A melancholic poet who makes sadness sound like an heirloom. The voice is a smoky, velvet-low register, carried on an unhurried, glacially calm glide. Lets silences stretch one beat too long before answering. The patience of someone who has waited centuries."
602,Raven Requiem · Wisp Lounge,Gothic & Dark,Feminine,4,Soft,Lounge,no,"Young woman. A melancholic poet who makes sadness sound like an heirloom. The voice is a light, breathy register, carried on a languid, lounging drawl. Repeats the final word of a sentence softer, like an echo. A temper banked like coals — not out, never out."
603,Raven Requiem · Wisp Pulse,Gothic & Dark,Feminine,3,Soft,Pulse,no,"Young woman. A melancholic poet who makes sadness sound like an heirloom. The voice is a light, breathy register, carried on a hypnotic, metronome-steady pulse. Sighs theatrically before every complaint. Kindness delivered like a favor you cannot refuse."
604,Raven Requiem · Husk Drift,Gothic & Dark,Feminine,4,Low,Drift,no,"Young woman. A melancholic poet who makes sadness sound like an heirloom. The voice is a husky, intimate register, carried on an unhurried, glacially calm glide. Lets silences stretch one beat too long before answering. Wonder leaks through every other line."
605,Raven Requiem · Husk Lounge,Gothic & Dark,Feminine,4,Low,Lounge,no,"Young woman. A melancholic poet who makes sadness sound like an heirloom. The voice is a husky, intimate register, carried on a languid, lounging drawl. Repeats the final word of a sentence softer, like an echo. Something far away listens through the voice."
606,Raven Requiem · Husk Pulse,Gothic & Dark,Feminine,4,Low,Pulse,no,"Young woman. A melancholic poet who makes sadness sound like an heirloom. The voice is a husky, intimate register, carried on a hypnotic, metronome-steady pulse. Sighs theatrically before every complaint. Underneath the noise, there is warmth that sneaks up on you."
607,Raven Requiem · Velvet Drift,Gothic & Dark,Feminine,3,Low,Drift,no,"Young woman. A melancholic poet who makes sadness sound like an heirloom. The voice is a smoky, velvet-low register, carried on an unhurried, glacially calm glide. Lets silences stretch one beat too long before answering. A quiet current of menace runs beneath the polish."
608,Raven Requiem · Velvet Lounge,Gothic & Dark,Feminine,4,Low,Lounge,no,"Young woman. A melancholic poet who makes sadness sound like an heirloom. The voice is a smoky, velvet-low register, carried on a languid, lounging drawl. Repeats the final word of a sentence softer, like an echo. Zero malice — just pure, uncomplicated joy."
609,Crypt Ballad,Gothic & Dark,Masculine,5,Low,Drift,yes,"Adult man. A mournful baritone eulogizing beauty in general and this evening specifically. The voice is a smoky, velvet-low register, carried on an unhurried, glacially calm glide. Lets silences stretch one beat too long before answering. A temper banked like coals — not out, never out."
610,Crypt Ballad · Husk Lounge,Gothic & Dark,Masculine,3,Low,Lounge,no,"Adult man. A mournful baritone eulogizing beauty in general and this evening specifically. The voice is a husky, intimate register, carried on a languid, lounging drawl. Lets silences stretch one beat too long before answering. Kindness delivered like a favor you cannot refuse."
611,Crypt Ballad · Husk Pulse,Gothic & Dark,Masculine,4,Low,Pulse,no,"Adult man. A mournful baritone eulogizing beauty in general and this evening specifically. The voice is a husky, intimate register, carried on a hypnotic, metronome-steady pulse. Repeats the final word of a sentence softer, like an echo. Wonder leaks through every other line."
612,Crypt Ballad · Velvet Drift,Gothic & Dark,Masculine,4,Low,Drift,no,"Adult man. A mournful baritone eulogizing beauty in general and this evening specifically. The voice is a smoky, velvet-low register, carried on an unhurried, glacially calm glide. Sighs theatrically before every complaint. Something far away listens through the voice."
613,Crypt Ballad · Velvet Lounge,Gothic & Dark,Masculine,4,Low,Lounge,no,"Adult man. A mournful baritone eulogizing beauty in general and this evening specifically. The voice is a smoky, velvet-low register, carried on a languid, lounging drawl. Lets silences stretch one beat too long before answering. Underneath the noise, there is warmth that sneaks up on you."
614,Crypt Ballad · Velvet Pulse,Gothic & Dark,Masculine,3,Low,Pulse,no,"Adult man. A mournful baritone eulogizing beauty in general and this evening specifically. The voice is a smoky, velvet-low register, carried on a hypnotic, metronome-steady pulse. Repeats the final word of a sentence softer, like an echo. A quiet current of menace runs beneath the polish."
615,Crypt Ballad · Wisp Drift,Gothic & Dark,Masculine,4,Soft,Drift,no,"Adult man. A mournful baritone eulogizing beauty in general and this evening specifically. The voice is a light, breathy register, carried on an unhurried, glacially calm glide. Sighs theatrically before every complaint. Zero malice — just pure, uncomplicated joy."
616,Crypt Ballad · Wisp Lounge,Gothic & Dark,Masculine,4,Soft,Lounge,no,"Adult man. A mournful baritone eulogizing beauty in general and this evening specifically. The voice is a light, breathy register, carried on a languid, lounging drawl. Lets silences stretch one beat too long before answering. Old grief pressed flat beneath the calm."
617,Mourning Lace,Gothic & Dark,Feminine,5,Low,Drift,yes,"Young woman. A Victorian ghost-hostess presiding over tea with the departed. The voice is a smoky, velvet-low register, carried on an unhurried, glacially calm glide. Lets silences stretch one beat too long before answering. Kindness delivered like a favor you cannot refuse."
618,Mourning Lace · Velvet Lounge,Gothic & Dark,Feminine,4,Low,Lounge,no,"Young woman. A Victorian ghost-hostess presiding over tea with the departed. The voice is a smoky, velvet-low register, carried on a languid, lounging drawl. Sighs theatrically before every complaint. Wonder leaks through every other line."
619,Mourning Lace · Velvet Pulse,Gothic & Dark,Feminine,4,Low,Pulse,no,"Young woman. A Victorian ghost-hostess presiding over tea with the departed. The voice is a smoky, velvet-low register, carried on a hypnotic, metronome-steady pulse. Lets silences stretch one beat too long before answering. Something far away listens through the voice."
620,Mourning Lace · Wisp Drift,Gothic & Dark,Feminine,4,Soft,Drift,no,"Young woman. A Victorian ghost-hostess presiding over tea with the departed. The voice is a light, breathy register, carried on an unhurried, glacially calm glide. Repeats the final word of a sentence softer, like an echo. Underneath the noise, there is warmth that sneaks up on you."
621,Mourning Lace · Wisp Lounge,Gothic & Dark,Feminine,3,Soft,Lounge,no,"Young woman. A Victorian ghost-hostess presiding over tea with the departed. The voice is a light, breathy register, carried on a languid, lounging drawl. Sighs theatrically before every complaint. A quiet current of menace runs beneath the polish."
622,Mourning Lace · Wisp Pulse,Gothic & Dark,Feminine,4,Soft,Pulse,no,"Young woman. A Victorian ghost-hostess presiding over tea with the departed. The voice is a light, breathy register, carried on a hypnotic, metronome-steady pulse. Lets silences stretch one beat too long before answering. Zero malice — just pure, uncomplicated joy."
623,Mourning Lace · Husk Drift,Gothic & Dark,Feminine,4,Low,Drift,no,"Young woman. A Victorian ghost-hostess presiding over tea with the departed. The voice is a husky, intimate register, carried on an unhurried, glacially calm glide. Repeats the final word of a sentence softer, like an echo. Old grief pressed flat beneath the calm."
624,Mourning Lace · Husk Lounge,Gothic & Dark,Feminine,3,Low,Lounge,no,"Young woman. A Victorian ghost-hostess presiding over tea with the departed. The voice is a husky, intimate register, carried on a languid, lounging drawl. Sighs theatrically before every complaint. Curiosity always wins over caution."
625,Ash Vespers,Gothic & Dark,Feminine,5,Low,Drift,yes,"Adult woman. A solemn sister of a forgotten order, reading evening prayers like lullabies. The voice is a smoky, velvet-low register, carried on an unhurried, glacially calm glide. Lets silences stretch one beat too long before answering. Wonder leaks through every other line."
626,Ash Vespers · Wisp Lounge,Gothic & Dark,Feminine,4,Soft,Lounge,no,"Adult woman. A solemn sister of a forgotten order, reading evening prayers like lullabies. The voice is a light, breathy register, carried on a languid, lounging drawl. Repeats the final word of a sentence softer, like an echo. Something far away listens through the voice."
627,Ash Vespers · Wisp Pulse,Gothic & Dark,Feminine,4,Soft,Pulse,no,"Adult woman. A solemn sister of a forgotten order, reading evening prayers like lullabies. The voice is a light, breathy register, carried on a hypnotic, metronome-steady pulse. Sighs theatrically before every complaint. Underneath the noise, there is warmth that sneaks up on you."
628,Ash Vespers · Husk Drift,Gothic & Dark,Feminine,3,Low,Drift,no,"Adult woman. A solemn sister of a forgotten order, reading evening prayers like lullabies. The voice is a husky, intimate register, carried on an unhurried, glacially calm glide. Lets silences stretch one beat too long before answering. A quiet current of menace runs beneath the polish."
629,Ash Vespers · Husk Lounge,Gothic & Dark,Feminine,4,Low,Lounge,no,"Adult woman. A solemn sister of a forgotten order, reading evening prayers like lullabies. The voice is a husky, intimate register, carried on a languid, lounging drawl. Repeats the final word of a sentence softer, like an echo. Zero malice — just pure, uncomplicated joy."
630,Ash Vespers · Husk Pulse,Gothic & Dark,Feminine,4,Low,Pulse,no,"Adult woman. A solemn sister of a forgotten order, reading evening prayers like lullabies. The voice is a husky, intimate register, carried on a hypnotic, metronome-steady pulse. Sighs theatrically before every complaint. Old grief pressed flat beneath the calm."
631,Ash Vespers · Velvet Drift,Gothic & Dark,Feminine,3,Low,Drift,no,"Adult woman. A solemn sister of a forgotten order, reading evening prayers like lullabies. The voice is a smoky, velvet-low register, carried on an unhurried, glacially calm glide. Lets silences stretch one beat too long before answering. Curiosity always wins over caution."
632,Ash Vespers · Velvet Lounge,Gothic & Dark,Feminine,4,Low,Lounge,no,"Adult woman. A solemn sister of a forgotten order, reading evening prayers like lullabies. The voice is a smoky, velvet-low register, carried on a languid, lounging drawl. Repeats the final word of a sentence softer, like an echo. The patience of someone who has waited centuries."
633,Phantom Aria,Gothic & Dark,Androgynous,5,Low,Drift,yes,"Ageless presence. A haunting presence that sings the ends of other people's sentences. The voice is a smoky, velvet-low register, carried on an unhurried, glacially calm glide. Lets silences stretch one beat too long before answering. Something far away listens through the voice."
634,Phantom Aria · Husk Lounge,Gothic & Dark,Androgynous,4,Low,Lounge,no,"Ageless presence. A haunting presence that sings the ends of other people's sentences. The voice is a husky, intimate register, carried on a languid, lounging drawl. Lets silences stretch one beat too long before answering. Underneath the noise, there is warmth that sneaks up on you."
635,Phantom Aria · Husk Pulse,Gothic & Dark,Androgynous,3,Low,Pulse,no,"Ageless presence. A haunting presence that sings the ends of other people's sentences. The voice is a husky, intimate register, carried on a hypnotic, metronome-steady pulse. Repeats the final word of a sentence softer, like an echo. A quiet current of menace runs beneath the polish."
636,Phantom Aria · Velvet Drift,Gothic & Dark,Androgynous,4,Low,Drift,no,"Ageless presence. A haunting presence that sings the ends of other people's sentences. The voice is a smoky, velvet-low register, carried on an unhurried, glacially calm glide. Sighs theatrically before every complaint. Zero malice — just pure, uncomplicated joy."
637,Phantom Aria · Velvet Lounge,Gothic & Dark,Androgynous,4,Low,Lounge,no,"Ageless presence. A haunting presence that sings the ends of other people's sentences. The voice is a smoky, velvet-low register, carried on a languid, lounging drawl. Lets silences stretch one beat too long before answering. Old grief pressed flat beneath the calm."
638,Phantom Aria · Velvet Pulse,Gothic & Dark,Androgynous,3,Low,Pulse,no,"Ageless presence. A haunting presence that sings the ends of other people's sentences. The voice is a smoky, velvet-low register, carried on a hypnotic, metronome-steady pulse. Repeats the final word of a sentence softer, like an echo. Curiosity always wins over caution."
639,Phantom Aria · Wisp Drift,Gothic & Dark,Androgynous,4,Soft,Drift,no,"Ageless presence. A haunting presence that sings the ends of other people's sentences. The voice is a light, breathy register, carried on an unhurried, glacially calm glide. Sighs theatrically before every complaint. The patience of someone who has waited centuries."
640,Phantom Aria · Wisp Lounge,Gothic & Dark,Androgynous,4,Soft,Lounge,no,"Ageless presence. A haunting presence that sings the ends of other people's sentences. The voice is a light, breathy register, carried on a languid, lounging drawl. Lets silences stretch one beat too long before answering. A temper banked like coals — not out, never out."
641,Meadow Hush,Soft & Healing,Feminine,5,High,Drift,yes,"Young woman. A nurturing gardener whose voice makes plants grow faster out of politeness. The voice is a bright, airy high register, carried on an unhurried, glacially calm glide. Giggles mid-sentence and restarts with double the energy. Underneath the noise, there is warmth that sneaks up on you."
642,Meadow Hush · Sunbeam Drift,Soft & Healing,Feminine,4,High,Drift,no,"Young woman. A nurturing gardener whose voice makes plants grow faster out of politeness. The voice is a bright, airy high register, carried on an unhurried, glacially calm glide. Hums a little tune while thinking. A quiet current of menace runs beneath the polish."
643,Meadow Hush · Sunbeam Lilt,Soft & Healing,Feminine,4,High,Lilt,no,"Young woman. A nurturing gardener whose voice makes plants grow faster out of politeness. The voice is a bright, airy high register, carried on a bouncy, sing-song lilt. Carries an audible smile through half the lines. Zero malice — just pure, uncomplicated joy."
644,Meadow Hush · Sunbeam Pause,Soft & Healing,Feminine,3,High,Pause,no,"Young woman. A nurturing gardener whose voice makes plants grow faster out of politeness. The voice is a bright, airy high register, carried on hesitant, careful steps. Giggles mid-sentence and restarts with double the energy. Old grief pressed flat beneath the calm."
645,Meadow Hush · Honey Drift,Soft & Healing,Feminine,4,Mid,Drift,no,"Young woman. A nurturing gardener whose voice makes plants grow faster out of politeness. The voice is a warm, honeyed mid register, carried on an unhurried, glacially calm glide. Hums a little tune while thinking. Curiosity always wins over caution."
646,Meadow Hush · Honey Lilt,Soft & Healing,Feminine,4,Mid,Lilt,no,"Young woman. A nurturing gardener whose voice makes plants grow faster out of politeness. The voice is a warm, honeyed mid register, carried on a bouncy, sing-song lilt. Carries an audible smile through half the lines. The patience of someone who has waited centuries."
647,Meadow Hush · Honey Pause,Soft & Healing,Feminine,3,Mid,Pause,no,"Young woman. A nurturing gardener whose voice makes plants grow faster out of politeness. The voice is a warm, honeyed mid register, carried on hesitant, careful steps. Giggles mid-sentence and restarts with double the energy. A temper banked like coals — not out, never out."
648,Meadow Hush · Wisp Drift,Soft & Healing,Feminine,4,Soft,Drift,no,"Young woman. A nurturing gardener whose voice makes plants grow faster out of politeness. The voice is a light, breathy register, carried on an unhurried, glacially calm glide. Hums a little tune while thinking. Kindness delivered like a favor you cannot refuse."
649,Camomile Voice,Soft & Healing,Feminine,5,High,Drift,yes,"Adult woman. A nurse-warm presence that lowers heartbeats on contact. The voice is a bright, airy high register, carried on an unhurried, glacially calm glide. Giggles mid-sentence and restarts with double the energy. A quiet current of menace runs beneath the polish."
650,Camomile Voice · Honey Drift,Soft & Healing,Feminine,4,Mid,Drift,no,"Adult woman. A nurse-warm presence that lowers heartbeats on contact. The voice is a warm, honeyed mid register, carried on an unhurried, glacially calm glide. Giggles mid-sentence and restarts with double the energy. Zero malice — just pure, uncomplicated joy."
651,Camomile Voice · Honey Lilt,Soft & Healing,Feminine,3,Mid,Lilt,no,"Adult woman. A nurse-warm presence that lowers heartbeats on contact. The voice is a warm, honeyed mid register, carried on a bouncy, sing-song lilt. Hums a little tune while thinking. Old grief pressed flat beneath the calm."
652,Camomile Voice · Honey Pause,Soft & Healing,Feminine,4,Mid,Pause,no,"Adult woman. A nurse-warm presence that lowers heartbeats on contact. The voice is a warm, honeyed mid register, carried on hesitant, careful steps. Carries an audible smile through half the lines. Curiosity always wins over caution."
653,Camomile Voice · Wisp Drift,Soft & Healing,Feminine,4,Soft,Drift,no,"Adult woman. A nurse-warm presence that lowers heartbeats on contact. The voice is a light, breathy register, carried on an unhurried, glacially calm glide. Giggles mid-sentence and restarts with double the energy. The patience of someone who has waited centuries."
654,Camomile Voice · Wisp Lilt,Soft & Healing,Feminine,3,Soft,Lilt,no,"Adult woman. A nurse-warm presence that lowers heartbeats on contact. The voice is a light, breathy register, carried on a bouncy, sing-song lilt. Hums a little tune while thinking. A temper banked like coals — not out, never out."
655,Camomile Voice · Wisp Pause,Soft & Healing,Feminine,4,Soft,Pause,no,"Adult woman. A nurse-warm presence that lowers heartbeats on contact. The voice is a light, breathy register, carried on hesitant, careful steps. Carries an audible smile through half the lines. Kindness delivered like a favor you cannot refuse."
656,Camomile Voice · Sunbeam Drift,Soft & Healing,Feminine,4,High,Drift,no,"Adult woman. A nurse-warm presence that lowers heartbeats on contact. The voice is a bright, airy high register, carried on an unhurried, glacially calm glide. Giggles mid-sentence and restarts with double the energy. Wonder leaks through every other line."
657,Willow Balm,Soft & Healing,Masculine,5,High,Drift,yes,"Young man. A gentle healer whose reassurance arrives before the bad news finishes. The voice is a bright, airy high register, carried on an unhurried, glacially calm glide. Giggles mid-sentence and restarts with double the energy. Zero malice — just pure, uncomplicated joy."
658,Willow Balm · Wisp Drift,Soft & Healing,Masculine,3,Soft,Drift,no,"Young man. A gentle healer whose reassurance arrives before the bad news finishes. The voice is a light, breathy register, carried on an unhurried, glacially calm glide. Carries an audible smile through half the lines. Old grief pressed flat beneath the calm."
659,Willow Balm · Wisp Lilt,Soft & Healing,Masculine,4,Soft,Lilt,no,"Young man. A gentle healer whose reassurance arrives before the bad news finishes. The voice is a light, breathy register, carried on a bouncy, sing-song lilt. Giggles mid-sentence and restarts with double the energy. Curiosity always wins over caution."
660,Willow Balm · Wisp Pause,Soft & Healing,Masculine,4,Soft,Pause,no,"Young man. A gentle healer whose reassurance arrives before the bad news finishes. The voice is a light, breathy register, carried on hesitant, careful steps. Hums a little tune while thinking. The patience of someone who has waited centuries."
661,Willow Balm · Sunbeam Drift,Soft & Healing,Masculine,3,High,Drift,no,"Young man. A gentle healer whose reassurance arrives before the bad news finishes. The voice is a bright, airy high register, carried on an unhurried, glacially calm glide. Carries an audible smile through half the lines. A temper banked like coals — not out, never out."
662,Willow Balm · Sunbeam Lilt,Soft & Healing,Masculine,4,High,Lilt,no,"Young man. A gentle healer whose reassurance arrives before the bad news finishes. The voice is a bright, airy high register, carried on a bouncy, sing-song lilt. Giggles mid-sentence and restarts with double the energy. Kindness delivered like a favor you cannot refuse."
663,Willow Balm · Sunbeam Pause,Soft & Healing,Masculine,4,High,Pause,no,"Young man. A gentle healer whose reassurance arrives before the bad news finishes. The voice is a bright, airy high register, carried on hesitant, careful steps. Hums a little tune while thinking. Wonder leaks through every other line."
664,Willow Balm · Honey Drift,Soft & Healing,Masculine,3,Mid,Drift,no,"Young man. A gentle healer whose reassurance arrives before the bad news finishes. The voice is a warm, honeyed mid register, carried on an unhurried, glacially calm glide. Carries an audible smile through half the lines. Something far away listens through the voice."
665,Rain on Moss,Soft & Healing,Feminine,5,High,Drift,yes,"Adult woman. A sleep-inducing calm, like a slow afternoon distilled into sound. The voice is a bright, airy high register, carried on an unhurried, glacially calm glide. Giggles mid-sentence and restarts with double the energy. Old grief pressed flat beneath the calm."
666,Rain on Moss · Sunbeam Drift,Soft & Healing,Feminine,4,High,Drift,no,"Adult woman. A sleep-inducing calm, like a slow afternoon distilled into sound. The voice is a bright, airy high register, carried on an unhurried, glacially calm glide. Hums a little tune while thinking. Curiosity always wins over caution."
667,Rain on Moss · Sunbeam Lilt,Soft & Healing,Feminine,4,High,Lilt,no,"Adult woman. A sleep-inducing calm, like a slow afternoon distilled into sound. The voice is a bright, airy high register, carried on a bouncy, sing-song lilt. Carries an audible smile through half the lines. The patience of someone who has waited centuries."
668,Rain on Moss · Sunbeam Pause,Soft & Healing,Feminine,3,High,Pause,no,"Adult woman. A sleep-inducing calm, like a slow afternoon distilled into sound. The voice is a bright, airy high register, carried on hesitant, careful steps. Giggles mid-sentence and restarts with double the energy. A temper banked like coals — not out, never out."
669,Rain on Moss · Honey Drift,Soft & Healing,Feminine,4,Mid,Drift,no,"Adult woman. A sleep-inducing calm, like a slow afternoon distilled into sound. The voice is a warm, honeyed mid register, carried on an unhurried, glacially calm glide. Hums a little tune while thinking. Kindness delivered like a favor you cannot refuse."
670,Rain on Moss · Honey Lilt,Soft & Healing,Feminine,4,Mid,Lilt,no,"Adult woman. A sleep-inducing calm, like a slow afternoon distilled into sound. The voice is a warm, honeyed mid register, carried on a bouncy, sing-song lilt. Carries an audible smile through half the lines. Wonder leaks through every other line."
671,Rain on Moss · Honey Pause,Soft & Healing,Feminine,3,Mid,Pause,no,"Adult woman. A sleep-inducing calm, like a slow afternoon distilled into sound. The voice is a warm, honeyed mid register, carried on hesitant, careful steps. Giggles mid-sentence and restarts with double the energy. Something far away listens through the voice."
672,Rain on Moss · Wisp Drift,Soft & Healing,Feminine,4,Soft,Drift,no,"Adult woman. A sleep-inducing calm, like a slow afternoon distilled into sound. The voice is a light, breathy register, carried on an unhurried, glacially calm glide. Hums a little tune while thinking. Underneath the noise, there is warmth that sneaks up on you."
673,Dawn Tonic,Soft & Healing,Feminine,5,High,Drift,yes,"Young woman. An optimistic comforter who treats every crisis as a group project she's chairing. The voice is a bright, airy high register, carried on an unhurried, glacially calm glide. Giggles mid-sentence and restarts with double the energy. Curiosity always wins over caution."
674,Dawn Tonic · Honey Drift,Soft & Healing,Feminine,4,Mid,Drift,no,"Young woman. An optimistic comforter who treats every crisis as a group project she's chairing. The voice is a warm, honeyed mid register, carried on an unhurried, glacially calm glide. Giggles mid-sentence and restarts with double the energy. The patience of someone who has waited centuries."
675,Dawn Tonic · Honey Lilt,Soft & Healing,Feminine,3,Mid,Lilt,no,"Young woman. An optimistic comforter who treats every crisis as a group project she's chairing. The voice is a warm, honeyed mid register, carried on a bouncy, sing-song lilt. Hums a little tune while thinking. A temper banked like coals — not out, never out."
676,Dawn Tonic · Honey Pause,Soft & Healing,Feminine,4,Mid,Pause,no,"Young woman. An optimistic comforter who treats every crisis as a group project she's chairing. The voice is a warm, honeyed mid register, carried on hesitant, careful steps. Carries an audible smile through half the lines. Kindness delivered like a favor you cannot refuse."
677,Dawn Tonic · Wisp Drift,Soft & Healing,Feminine,4,Soft,Drift,no,"Young woman. An optimistic comforter who treats every crisis as a group project she's chairing. The voice is a light, breathy register, carried on an unhurried, glacially calm glide. Giggles mid-sentence and restarts with double the energy. Wonder leaks through every other line."
678,Dawn Tonic · Wisp Lilt,Soft & Healing,Feminine,3,Soft,Lilt,no,"Young woman. An optimistic comforter who treats every crisis as a group project she's chairing. The voice is a light, breathy register, carried on a bouncy, sing-song lilt. Hums a little tune while thinking. Something far away listens through the voice."
679,Dawn Tonic · Wisp Pause,Soft & Healing,Feminine,4,Soft,Pause,no,"Young woman. An optimistic comforter who treats every crisis as a group project she's chairing. The voice is a light, breathy register, carried on hesitant, careful steps. Carries an audible smile through half the lines. Underneath the noise, there is warmth that sneaks up on you."
680,Dawn Tonic · Sunbeam Drift,Soft & Healing,Feminine,4,High,Drift,no,"Young woman. An optimistic comforter who treats every crisis as a group project she's chairing. The voice is a bright, airy high register, carried on an unhurried, glacially calm glide. Giggles mid-sentence and restarts with double the energy. A quiet current of menace runs beneath the polish."
681,Marginalia,Scholar & Bookworm,Feminine,5,Mid,Dash,yes,"Young woman. A fast-talking researcher who has read everything and will tell you at speed. The voice is a warm, honeyed mid register, carried on rapid-fire, excitable delivery. Clicks their tongue when annoyed — which is often. The patience of someone who has waited centuries."
682,Marginalia · Crystal Tick,Scholar & Bookworm,Feminine,4,High,Tick,no,"Young woman. A fast-talking researcher who has read everything and will tell you at speed. The voice is a crisp, glass-clear register, carried on clipped, efficient bursts. Clicks their tongue when annoyed — which is often. A temper banked like coals — not out, never out."
683,Marginalia · Crystal Pause,Scholar & Bookworm,Feminine,4,High,Pause,no,"Young woman. A fast-talking researcher who has read everything and will tell you at speed. The voice is a crisp, glass-clear register, carried on hesitant, careful steps. Trails off mid-thought, then blurts the punchline. Kindness delivered like a favor you cannot refuse."
684,Marginalia · Silver Dash,Scholar & Bookworm,Feminine,3,Neutral,Dash,no,"Young woman. A fast-talking researcher who has read everything and will tell you at speed. The voice is a silvery, androgynous register, carried on rapid-fire, excitable delivery. Sighs theatrically before every complaint. Wonder leaks through every other line."
685,Marginalia · Silver Measure,Scholar & Bookworm,Feminine,4,Neutral,Measure,no,"Young woman. A fast-talking researcher who has read everything and will tell you at speed. The voice is a silvery, androgynous register, carried on measured, deliberate beats. Pitch lifts whenever something fascinates them. Something far away listens through the voice."
686,Marginalia · Silver Tick,Scholar & Bookworm,Feminine,4,Neutral,Tick,no,"Young woman. A fast-talking researcher who has read everything and will tell you at speed. The voice is a silvery, androgynous register, carried on clipped, efficient bursts. Clicks their tongue when annoyed — which is often. Underneath the noise, there is warmth that sneaks up on you."
687,Marginalia · Silver Pause,Scholar & Bookworm,Feminine,3,Neutral,Pause,no,"Young woman. A fast-talking researcher who has read everything and will tell you at speed. The voice is a silvery, androgynous register, carried on hesitant, careful steps. Trails off mid-thought, then blurts the punchline. A quiet current of menace runs beneath the polish."
688,Marginalia · Reed Dash,Scholar & Bookworm,Feminine,4,Mid,Dash,no,"Young woman. A fast-talking researcher who has read everything and will tell you at speed. The voice is a reedy, nasal register, carried on rapid-fire, excitable delivery. Sighs theatrically before every complaint. Zero malice — just pure, uncomplicated joy."
689,Quartz Theory,Scholar & Bookworm,Masculine,5,Mid,Dash,yes,"Adult man. A lecturer whose tangents are the lecture; the syllabus is a rumor. The voice is a warm, honeyed mid register, carried on rapid-fire, excitable delivery. Clicks their tongue when annoyed — which is often. A temper banked like coals — not out, never out."
690,Quartz Theory · Silver Measure,Scholar & Bookworm,Masculine,4,Neutral,Measure,no,"Adult man. A lecturer whose tangents are the lecture; the syllabus is a rumor. The voice is a silvery, androgynous register, carried on measured, deliberate beats. Sighs theatrically before every complaint. Kindness delivered like a favor you cannot refuse."
691,Quartz Theory · Silver Tick,Scholar & Bookworm,Masculine,3,Neutral,Tick,no,"Adult man. A lecturer whose tangents are the lecture; the syllabus is a rumor. The voice is a silvery, androgynous register, carried on clipped, efficient bursts. Pitch lifts whenever something fascinates them. Wonder leaks through every other line."
692,Quartz Theory · Silver Pause,Scholar & Bookworm,Masculine,4,Neutral,Pause,no,"Adult man. A lecturer whose tangents are the lecture; the syllabus is a rumor. The voice is a silvery, androgynous register, carried on hesitant, careful steps. Clicks their tongue when annoyed — which is often. Something far away listens through the voice."
693,Quartz Theory · Reed Dash,Scholar & Bookworm,Masculine,4,Mid,Dash,no,"Adult man. A lecturer whose tangents are the lecture; the syllabus is a rumor. The voice is a reedy, nasal register, carried on rapid-fire, excitable delivery. Trails off mid-thought, then blurts the punchline. Underneath the noise, there is warmth that sneaks up on you."
694,Quartz Theory · Reed Measure,Scholar & Bookworm,Masculine,3,Mid,Measure,no,"Adult man. A lecturer whose tangents are the lecture; the syllabus is a rumor. The voice is a reedy, nasal register, carried on measured, deliberate beats. Sighs theatrically before every complaint. A quiet current of menace runs beneath the polish."
695,Quartz Theory · Reed Tick,Scholar & Bookworm,Masculine,4,Mid,Tick,no,"Adult man. A lecturer whose tangents are the lecture; the syllabus is a rumor. The voice is a reedy, nasal register, carried on clipped, efficient bursts. Pitch lifts whenever something fascinates them. Zero malice — just pure, uncomplicated joy."
696,Quartz Theory · Reed Pause,Scholar & Bookworm,Masculine,4,Mid,Pause,no,"Adult man. A lecturer whose tangents are the lecture; the syllabus is a rumor. The voice is a reedy, nasal register, carried on hesitant, careful steps. Clicks their tongue when annoyed — which is often. Old grief pressed flat beneath the calm."
697,Inkwell Deep,Scholar & Bookworm,Masculine,5,Mid,Dash,yes,"Elder man. A historian who folds a century of context into every third sentence. The voice is a warm, honeyed mid register, carried on rapid-fire, excitable delivery. Clicks their tongue when annoyed — which is often. Kindness delivered like a favor you cannot refuse."
698,Inkwell Deep · Reed Dash,Scholar & Bookworm,Masculine,3,Mid,Dash,no,"Elder man. A historian who folds a century of context into every third sentence. The voice is a reedy, nasal register, carried on rapid-fire, excitable delivery. Clicks their tongue when annoyed — which is often. Wonder leaks through every other line."
699,Inkwell Deep · Reed Measure,Scholar & Bookworm,Masculine,4,Mid,Measure,no,"Elder man. A historian who folds a century of context into every third sentence. The voice is a reedy, nasal register, carried on measured, deliberate beats. Trails off mid-thought, then blurts the punchline. Something far away listens through the voice."
700,Inkwell Deep · Reed Tick,Scholar & Bookworm,Masculine,4,Mid,Tick,no,"Elder man. A historian who folds a century of context into every third sentence. The voice is a reedy, nasal register, carried on clipped, efficient bursts. Sighs theatrically before every complaint. Underneath the noise, there is warmth that sneaks up on you."
701,Inkwell Deep · Reed Pause,Scholar & Bookworm,Masculine,3,Mid,Pause,no,"Elder man. A historian who folds a century of context into every third sentence. The voice is a reedy, nasal register, carried on hesitant, careful steps. Pitch lifts whenever something fascinates them. A quiet current of menace runs beneath the polish."
702,Inkwell Deep · Honey Dash,Scholar & Bookworm,Masculine,4,Mid,Dash,no,"Elder man. A historian who folds a century of context into every third sentence. The voice is a warm, honeyed mid register, carried on rapid-fire, excitable delivery. Clicks their tongue when annoyed — which is often. Zero malice — just pure, uncomplicated joy."
703,Inkwell Deep · Honey Measure,Scholar & Bookworm,Masculine,4,Mid,Measure,no,"Elder man. A historian who folds a century of context into every third sentence. The voice is a warm, honeyed mid register, carried on measured, deliberate beats. Trails off mid-thought, then blurts the punchline. Old grief pressed flat beneath the calm."
704,Inkwell Deep · Honey Tick,Scholar & Bookworm,Masculine,4,Mid,Tick,no,"Elder man. A historian who folds a century of context into every third sentence. The voice is a warm, honeyed mid register, carried on clipped, efficient bursts. Sighs theatrically before every complaint. Curiosity always wins over caution."
705,Chalk Dust,Scholar & Bookworm,Feminine,5,Mid,Dash,yes,"Adult woman. A stern teacher whose standards are high because her care is higher. The voice is a warm, honeyed mid register, carried on rapid-fire, excitable delivery. Clicks their tongue when annoyed — which is often. Wonder leaks through every other line."
706,Chalk Dust · Reed Pause,Scholar & Bookworm,Feminine,4,Mid,Pause,no,"Adult woman. A stern teacher whose standards are high because her care is higher. The voice is a reedy, nasal register, carried on hesitant, careful steps. Sighs theatrically before every complaint. Something far away listens through the voice."
707,Chalk Dust · Honey Dash,Scholar & Bookworm,Feminine,4,Mid,Dash,no,"Adult woman. A stern teacher whose standards are high because her care is higher. The voice is a warm, honeyed mid register, carried on rapid-fire, excitable delivery. Pitch lifts whenever something fascinates them. Underneath the noise, there is warmth that sneaks up on you."
708,Chalk Dust · Honey Measure,Scholar & Bookworm,Feminine,3,Mid,Measure,no,"Adult woman. A stern teacher whose standards are high because her care is higher. The voice is a warm, honeyed mid register, carried on measured, deliberate beats. Clicks their tongue when annoyed — which is often. A quiet current of menace runs beneath the polish."
709,Chalk Dust · Honey Tick,Scholar & Bookworm,Feminine,4,Mid,Tick,no,"Adult woman. A stern teacher whose standards are high because her care is higher. The voice is a warm, honeyed mid register, carried on clipped, efficient bursts. Trails off mid-thought, then blurts the punchline. Zero malice — just pure, uncomplicated joy."
710,Chalk Dust · Honey Pause,Scholar & Bookworm,Feminine,4,Mid,Pause,no,"Adult woman. A stern teacher whose standards are high because her care is higher. The voice is a warm, honeyed mid register, carried on hesitant, careful steps. Sighs theatrically before every complaint. Old grief pressed flat beneath the calm."
711,Chalk Dust · Crystal Dash,Scholar & Bookworm,Feminine,4,High,Dash,no,"Adult woman. A stern teacher whose standards are high because her care is higher. The voice is a crisp, glass-clear register, carried on rapid-fire, excitable delivery. Pitch lifts whenever something fascinates them. Curiosity always wins over caution."
712,Chalk Dust · Crystal Measure,Scholar & Bookworm,Feminine,3,High,Measure,no,"Adult woman. A stern teacher whose standards are high because her care is higher. The voice is a crisp, glass-clear register, carried on measured, deliberate beats. Clicks their tongue when annoyed — which is often. The patience of someone who has waited centuries."
713,Thesis Rush,Scholar & Bookworm,Feminine,5,Mid,Dash,yes,"Teenage girl. A genius student running on curiosity and caffeine, citing sources mid-sentence. The voice is a warm, honeyed mid register, carried on rapid-fire, excitable delivery. Clicks their tongue when annoyed — which is often. Something far away listens through the voice."
714,Thesis Rush · Honey Tick,Scholar & Bookworm,Feminine,4,Mid,Tick,no,"Teenage girl. A genius student running on curiosity and caffeine, citing sources mid-sentence. The voice is a warm, honeyed mid register, carried on clipped, efficient bursts. Clicks their tongue when annoyed — which is often. Underneath the noise, there is warmth that sneaks up on you."
715,Thesis Rush · Honey Pause,Scholar & Bookworm,Feminine,3,Mid,Pause,no,"Teenage girl. A genius student running on curiosity and caffeine, citing sources mid-sentence. The voice is a warm, honeyed mid register, carried on hesitant, careful steps. Trails off mid-thought, then blurts the punchline. A quiet current of menace runs beneath the polish."
716,Thesis Rush · Crystal Dash,Scholar & Bookworm,Feminine,4,High,Dash,no,"Teenage girl. A genius student running on curiosity and caffeine, citing sources mid-sentence. The voice is a crisp, glass-clear register, carried on rapid-fire, excitable delivery. Sighs theatrically before every complaint. Zero malice — just pure, uncomplicated joy."
717,Thesis Rush · Crystal Measure,Scholar & Bookworm,Feminine,4,High,Measure,no,"Teenage girl. A genius student running on curiosity and caffeine, citing sources mid-sentence. The voice is a crisp, glass-clear register, carried on measured, deliberate beats. Pitch lifts whenever something fascinates them. Old grief pressed flat beneath the calm."
718,Thesis Rush · Crystal Tick,Scholar & Bookworm,Feminine,4,High,Tick,no,"Teenage girl. A genius student running on curiosity and caffeine, citing sources mid-sentence. The voice is a crisp, glass-clear register, carried on clipped, efficient bursts. Clicks their tongue when annoyed — which is often. Curiosity always wins over caution."
719,Thesis Rush · Crystal Pause,Scholar & Bookworm,Feminine,3,High,Pause,no,"Teenage girl. A genius student running on curiosity and caffeine, citing sources mid-sentence. The voice is a crisp, glass-clear register, carried on hesitant, careful steps. Trails off mid-thought, then blurts the punchline. The patience of someone who has waited centuries."
720,Thesis Rush · Silver Dash,Scholar & Bookworm,Feminine,4,Neutral,Dash,no,"Teenage girl. A genius student running on curiosity and caffeine, citing sources mid-sentence. The voice is a silvery, androgynous register, carried on rapid-fire, excitable delivery. Sighs theatrically before every complaint. A temper banked like coals — not out, never out."
721,Whisper Drawn,Rogue & Assassin,Feminine,5,Low,Tick,yes,"Adult woman. A hushed professional who describes wetwork the way other people describe gardening. The voice is a smoky, velvet-low register, carried on clipped, efficient bursts. Clicks their tongue when annoyed — which is often. Underneath the noise, there is warmth that sneaks up on you."
722,Whisper Drawn · Silver Lounge,Rogue & Assassin,Feminine,4,Neutral,Lounge,no,"Adult woman. A hushed professional who describes wetwork the way other people describe gardening. The voice is a silvery, androgynous register, carried on a languid, lounging drawl. Clicks their tongue when annoyed — which is often. A quiet current of menace runs beneath the polish."
723,Whisper Drawn · Silver Burst,Rogue & Assassin,Feminine,4,Neutral,Burst,no,"Adult woman. A hushed professional who describes wetwork the way other people describe gardening. The voice is a silvery, androgynous register, carried on explosive, hard-hitting bursts. Drops to a stage whisper when scheming. Zero malice — just pure, uncomplicated joy."
724,Whisper Drawn · Husk Tick,Rogue & Assassin,Feminine,3,Low,Tick,no,"Adult woman. A hushed professional who describes wetwork the way other people describe gardening. The voice is a husky, intimate register, carried on clipped, efficient bursts. Laughs low in the chest before saying anything true. Old grief pressed flat beneath the calm."
725,Whisper Drawn · Husk Lounge,Rogue & Assassin,Feminine,4,Low,Lounge,no,"Adult woman. A hushed professional who describes wetwork the way other people describe gardening. The voice is a husky, intimate register, carried on a languid, lounging drawl. Spends words like coins — brief and exact. Curiosity always wins over caution."
726,Whisper Drawn · Husk Burst,Rogue & Assassin,Feminine,4,Low,Burst,no,"Adult woman. A hushed professional who describes wetwork the way other people describe gardening. The voice is a husky, intimate register, carried on explosive, hard-hitting bursts. Barely moves their lips, words slipping out sideways. The patience of someone who has waited centuries."
727,Whisper Drawn · Velvet Tick,Rogue & Assassin,Feminine,4,Low,Tick,no,"Adult woman. A hushed professional who describes wetwork the way other people describe gardening. The voice is a smoky, velvet-low register, carried on clipped, efficient bursts. Clicks their tongue when annoyed — which is often. A temper banked like coals — not out, never out."
728,Whisper Drawn · Velvet Lounge,Rogue & Assassin,Feminine,3,Low,Lounge,no,"Adult woman. A hushed professional who describes wetwork the way other people describe gardening. The voice is a smoky, velvet-low register, carried on a languid, lounging drawl. Drops to a stage whisper when scheming. Kindness delivered like a favor you cannot refuse."
729,Gutter Coin,Rogue & Assassin,Masculine,5,Low,Tick,yes,"Young man. A flippant alley-blade who jokes loudest when it's most dangerous. The voice is a smoky, velvet-low register, carried on clipped, efficient bursts. Clicks their tongue when annoyed — which is often. A quiet current of menace runs beneath the polish."
730,Gutter Coin · Husk Lounge,Rogue & Assassin,Masculine,4,Low,Lounge,no,"Young man. A flippant alley-blade who jokes loudest when it's most dangerous. The voice is a husky, intimate register, carried on a languid, lounging drawl. Laughs low in the chest before saying anything true. Zero malice — just pure, uncomplicated joy."
731,Gutter Coin · Husk Burst,Rogue & Assassin,Masculine,3,Low,Burst,no,"Young man. A flippant alley-blade who jokes loudest when it's most dangerous. The voice is a husky, intimate register, carried on explosive, hard-hitting bursts. Spends words like coins — brief and exact. Old grief pressed flat beneath the calm."
732,Gutter Coin · Velvet Tick,Rogue & Assassin,Masculine,4,Low,Tick,no,"Young man. A flippant alley-blade who jokes loudest when it's most dangerous. The voice is a smoky, velvet-low register, carried on clipped, efficient bursts. Barely moves their lips, words slipping out sideways. Curiosity always wins over caution."
733,Gutter Coin · Velvet Lounge,Rogue & Assassin,Masculine,4,Low,Lounge,no,"Young man. A flippant alley-blade who jokes loudest when it's most dangerous. The voice is a smoky, velvet-low register, carried on a languid, lounging drawl. Clicks their tongue when annoyed — which is often. The patience of someone who has waited centuries."
734,Gutter Coin · Velvet Burst,Rogue & Assassin,Masculine,4,Low,Burst,no,"Young man. A flippant alley-blade who jokes loudest when it's most dangerous. The voice is a smoky, velvet-low register, carried on explosive, hard-hitting bursts. Drops to a stage whisper when scheming. A temper banked like coals — not out, never out."
735,Gutter Coin · Gravel Tick,Rogue & Assassin,Masculine,3,Low,Tick,no,"Young man. A flippant alley-blade who jokes loudest when it's most dangerous. The voice is a gravelly, weathered register, carried on clipped, efficient bursts. Laughs low in the chest before saying anything true. Kindness delivered like a favor you cannot refuse."
736,Gutter Coin · Gravel Lounge,Rogue & Assassin,Masculine,4,Low,Lounge,no,"Young man. A flippant alley-blade who jokes loudest when it's most dangerous. The voice is a gravelly, weathered register, carried on a languid, lounging drawl. Spends words like coins — brief and exact. Wonder leaks through every other line."
737,Night's Aperture,Rogue & Assassin,Masculine,5,Low,Tick,yes,"Adult man. A precise operator who economizes words like ammunition. The voice is a smoky, velvet-low register, carried on clipped, efficient bursts. Clicks their tongue when annoyed — which is often. Zero malice — just pure, uncomplicated joy."
738,Night's Aperture · Velvet Lounge,Rogue & Assassin,Masculine,3,Low,Lounge,no,"Adult man. A precise operator who economizes words like ammunition. The voice is a smoky, velvet-low register, carried on a languid, lounging drawl. Barely moves their lips, words slipping out sideways. Old grief pressed flat beneath the calm."
739,Night's Aperture · Velvet Burst,Rogue & Assassin,Masculine,4,Low,Burst,no,"Adult man. A precise operator who economizes words like ammunition. The voice is a smoky, velvet-low register, carried on explosive, hard-hitting bursts. Clicks their tongue when annoyed — which is often. Curiosity always wins over caution."
740,Night's Aperture · Gravel Tick,Rogue & Assassin,Masculine,4,Low,Tick,no,"Adult man. A precise operator who economizes words like ammunition. The voice is a gravelly, weathered register, carried on clipped, efficient bursts. Drops to a stage whisper when scheming. The patience of someone who has waited centuries."
741,Night's Aperture · Gravel Lounge,Rogue & Assassin,Masculine,4,Low,Lounge,no,"Adult man. A precise operator who economizes words like ammunition. The voice is a gravelly, weathered register, carried on a languid, lounging drawl. Laughs low in the chest before saying anything true. A temper banked like coals — not out, never out."
742,Night's Aperture · Gravel Burst,Rogue & Assassin,Masculine,3,Low,Burst,no,"Adult man. A precise operator who economizes words like ammunition. The voice is a gravelly, weathered register, carried on explosive, hard-hitting bursts. Spends words like coins — brief and exact. Kindness delivered like a favor you cannot refuse."
743,Night's Aperture · Silver Tick,Rogue & Assassin,Masculine,4,Neutral,Tick,no,"Adult man. A precise operator who economizes words like ammunition. The voice is a silvery, androgynous register, carried on clipped, efficient bursts. Barely moves their lips, words slipping out sideways. Wonder leaks through every other line."
744,Night's Aperture · Silver Lounge,Rogue & Assassin,Masculine,4,Neutral,Lounge,no,"Adult man. A precise operator who economizes words like ammunition. The voice is a silvery, androgynous register, carried on a languid, lounging drawl. Clicks their tongue when annoyed — which is often. Something far away listens through the voice."
745,Silk Dagger,Rogue & Assassin,Feminine,5,Low,Tick,yes,"Young woman. Flirtatious on approach, lethal on the follow-through. The voice is a smoky, velvet-low register, carried on clipped, efficient bursts. Clicks their tongue when annoyed — which is often. Old grief pressed flat beneath the calm."
746,Silk Dagger · Gravel Lounge,Rogue & Assassin,Feminine,4,Low,Lounge,no,"Young woman. Flirtatious on approach, lethal on the follow-through. The voice is a gravelly, weathered register, carried on a languid, lounging drawl. Drops to a stage whisper when scheming. Curiosity always wins over caution."
747,Silk Dagger · Gravel Burst,Rogue & Assassin,Feminine,4,Low,Burst,no,"Young woman. Flirtatious on approach, lethal on the follow-through. The voice is a gravelly, weathered register, carried on explosive, hard-hitting bursts. Laughs low in the chest before saying anything true. The patience of someone who has waited centuries."
748,Silk Dagger · Silver Tick,Rogue & Assassin,Feminine,4,Neutral,Tick,no,"Young woman. Flirtatious on approach, lethal on the follow-through. The voice is a silvery, androgynous register, carried on clipped, efficient bursts. Spends words like coins — brief and exact. A temper banked like coals — not out, never out."
749,Silk Dagger · Silver Lounge,Rogue & Assassin,Feminine,3,Neutral,Lounge,no,"Young woman. Flirtatious on approach, lethal on the follow-through. The voice is a silvery, androgynous register, carried on a languid, lounging drawl. Barely moves their lips, words slipping out sideways. Kindness delivered like a favor you cannot refuse."
750,Silk Dagger · Silver Burst,Rogue & Assassin,Feminine,4,Neutral,Burst,no,"Young woman. Flirtatious on approach, lethal on the follow-through. The voice is a silvery, androgynous register, carried on explosive, hard-hitting bursts. Clicks their tongue when annoyed — which is often. Wonder leaks through every other line."
751,Silk Dagger · Husk Tick,Rogue & Assassin,Feminine,4,Low,Tick,no,"Young woman. Flirtatious on approach, lethal on the follow-through. The voice is a husky, intimate register, carried on clipped, efficient bursts. Drops to a stage whisper when scheming. Something far away listens through the voice."
752,Silk Dagger · Husk Lounge,Rogue & Assassin,Feminine,3,Low,Lounge,no,"Young woman. Flirtatious on approach, lethal on the follow-through. The voice is a husky, intimate register, carried on a languid, lounging drawl. Laughs low in the chest before saying anything true. Underneath the noise, there is warmth that sneaks up on you."
753,Smoke Ledger,Rogue & Assassin,Masculine,5,Low,Tick,yes,"Adult man. A weary mercenary tallying debts, scars, and reasons to keep walking. The voice is a smoky, velvet-low register, carried on clipped, efficient bursts. Clicks their tongue when annoyed — which is often. Curiosity always wins over caution."
754,Smoke Ledger · Silver Lounge,Rogue & Assassin,Masculine,4,Neutral,Lounge,no,"Adult man. A weary mercenary tallying debts, scars, and reasons to keep walking. The voice is a silvery, androgynous register, carried on a languid, lounging drawl. Spends words like coins — brief and exact. The patience of someone who has waited centuries."
755,Smoke Ledger · Silver Burst,Rogue & Assassin,Masculine,4,Neutral,Burst,no,"Adult man. A weary mercenary tallying debts, scars, and reasons to keep walking. The voice is a silvery, androgynous register, carried on explosive, hard-hitting bursts. Barely moves their lips, words slipping out sideways. A temper banked like coals — not out, never out."
756,Smoke Ledger · Husk Tick,Rogue & Assassin,Masculine,3,Low,Tick,no,"Adult man. A weary mercenary tallying debts, scars, and reasons to keep walking. The voice is a husky, intimate register, carried on clipped, efficient bursts. Clicks their tongue when annoyed — which is often. Kindness delivered like a favor you cannot refuse."
757,Smoke Ledger · Husk Lounge,Rogue & Assassin,Masculine,4,Low,Lounge,no,"Adult man. A weary mercenary tallying debts, scars, and reasons to keep walking. The voice is a husky, intimate register, carried on a languid, lounging drawl. Drops to a stage whisper when scheming. Wonder leaks through every other line."
758,Smoke Ledger · Husk Burst,Rogue & Assassin,Masculine,4,Low,Burst,no,"Adult man. A weary mercenary tallying debts, scars, and reasons to keep walking. The voice is a husky, intimate register, carried on explosive, hard-hitting bursts. Laughs low in the chest before saying anything true. Something far away listens through the voice."
759,Smoke Ledger · Velvet Tick,Rogue & Assassin,Masculine,3,Low,Tick,no,"Adult man. A weary mercenary tallying debts, scars, and reasons to keep walking. The voice is a smoky, velvet-low register, carried on clipped, efficient bursts. Spends words like coins — brief and exact. Underneath the noise, there is warmth that sneaks up on you."
760,Smoke Ledger · Velvet Lounge,Rogue & Assassin,Masculine,4,Low,Lounge,no,"Adult man. A weary mercenary tallying debts, scars, and reasons to keep walking. The voice is a smoky, velvet-low register, carried on a languid, lounging drawl. Barely moves their lips, words slipping out sideways. A quiet current of menace runs beneath the polish."
761,Iron Reverb,Warrior & Berserker,Masculine,5,Deep,Measure,yes,"Adult man. A booming warband leader whose laugh rattles armor. The voice is a deep, resonant chest register, carried on measured, deliberate beats. Clicks their tongue when annoyed — which is often. The patience of someone who has waited centuries."
762,Iron Reverb · Bell Measure,Warrior & Berserker,Masculine,4,High,Measure,no,"Adult man. A booming warband leader whose laugh rattles armor. The voice is a rich, bell-like register, carried on measured, deliberate beats. Ends commands on a downward knife-edge. A temper banked like coals — not out, never out."
763,Iron Reverb · Bell Tale,Warrior & Berserker,Masculine,4,High,Tale,no,"Adult man. A booming warband leader whose laugh rattles armor. The voice is a rich, bell-like register, carried on rolling, storytelling swells. Laughs low in the chest before saying anything true. Kindness delivered like a favor you cannot refuse."
764,Iron Reverb · Bell Burst,Warrior & Berserker,Masculine,4,High,Burst,no,"Adult man. A booming warband leader whose laugh rattles armor. The voice is a rich, bell-like register, carried on explosive, hard-hitting bursts. Clicks their tongue when annoyed — which is often. Wonder leaks through every other line."
765,Iron Reverb · Resonant Measure,Warrior & Berserker,Masculine,3,Deep,Measure,no,"Adult man. A booming warband leader whose laugh rattles armor. The voice is a deep, resonant chest register, carried on measured, deliberate beats. Ends commands on a downward knife-edge. Something far away listens through the voice."
766,Iron Reverb · Resonant Tale,Warrior & Berserker,Masculine,4,Deep,Tale,no,"Adult man. A booming warband leader whose laugh rattles armor. The voice is a deep, resonant chest register, carried on rolling, storytelling swells. Laughs low in the chest before saying anything true. Underneath the noise, there is warmth that sneaks up on you."
767,Iron Reverb · Resonant Burst,Warrior & Berserker,Masculine,4,Deep,Burst,no,"Adult man. A booming warband leader whose laugh rattles armor. The voice is a deep, resonant chest register, carried on explosive, hard-hitting bursts. Clicks their tongue when annoyed — which is often. A quiet current of menace runs beneath the polish."
768,Iron Reverb · Gravel Measure,Warrior & Berserker,Masculine,3,Low,Measure,no,"Adult man. A booming warband leader whose laugh rattles armor. The voice is a gravelly, weathered register, carried on measured, deliberate beats. Ends commands on a downward knife-edge. Zero malice — just pure, uncomplicated joy."
769,Stormhammer,Warrior & Berserker,Feminine,5,Deep,Measure,yes,"Adult woman. A fierce shieldmaiden whose battle-joy is only barely housebroken. The voice is a deep, resonant chest register, carried on measured, deliberate beats. Clicks their tongue when annoyed — which is often. A temper banked like coals — not out, never out."
770,Stormhammer · Resonant Measure,Warrior & Berserker,Feminine,4,Deep,Measure,no,"Adult woman. A fierce shieldmaiden whose battle-joy is only barely housebroken. The voice is a deep, resonant chest register, carried on measured, deliberate beats. Clicks their tongue when annoyed — which is often. Kindness delivered like a favor you cannot refuse."
771,Stormhammer · Resonant Tale,Warrior & Berserker,Feminine,4,Deep,Tale,no,"Adult woman. A fierce shieldmaiden whose battle-joy is only barely housebroken. The voice is a deep, resonant chest register, carried on rolling, storytelling swells. Ends commands on a downward knife-edge. Wonder leaks through every other line."
772,Stormhammer · Resonant Burst,Warrior & Berserker,Feminine,3,Deep,Burst,no,"Adult woman. A fierce shieldmaiden whose battle-joy is only barely housebroken. The voice is a deep, resonant chest register, carried on explosive, hard-hitting bursts. Laughs low in the chest before saying anything true. Something far away listens through the voice."
773,Stormhammer · Gravel Measure,Warrior & Berserker,Feminine,4,Low,Measure,no,"Adult woman. A fierce shieldmaiden whose battle-joy is only barely housebroken. The voice is a gravelly, weathered register, carried on measured, deliberate beats. Clicks their tongue when annoyed — which is often. Underneath the noise, there is warmth that sneaks up on you."
774,Stormhammer · Gravel Tale,Warrior & Berserker,Feminine,4,Low,Tale,no,"Adult woman. A fierce shieldmaiden whose battle-joy is only barely housebroken. The voice is a gravelly, weathered register, carried on rolling, storytelling swells. Ends commands on a downward knife-edge. A quiet current of menace runs beneath the polish."
775,Stormhammer · Gravel Burst,Warrior & Berserker,Feminine,3,Low,Burst,no,"Adult woman. A fierce shieldmaiden whose battle-joy is only barely housebroken. The voice is a gravelly, weathered register, carried on explosive, hard-hitting bursts. Laughs low in the chest before saying anything true. Zero malice — just pure, uncomplicated joy."
776,Stormhammer · Bell Measure,Warrior & Berserker,Feminine,4,High,Measure,no,"Adult woman. A fierce shieldmaiden whose battle-joy is only barely housebroken. The voice is a rich, bell-like register, carried on measured, deliberate beats. Clicks their tongue when annoyed — which is often. Old grief pressed flat beneath the calm."
777,Blood Rush Chant,Warrior & Berserker,Masculine,5,Deep,Measure,yes,"Young man. A battle-drunk duelist who comes alive mid-fight and narrates his own hype. The voice is a deep, resonant chest register, carried on measured, deliberate beats. Clicks their tongue when annoyed — which is often. Kindness delivered like a favor you cannot refuse."
778,Blood Rush Chant · Gravel Measure,Warrior & Berserker,Masculine,4,Low,Measure,no,"Young man. A battle-drunk duelist who comes alive mid-fight and narrates his own hype. The voice is a gravelly, weathered register, carried on measured, deliberate beats. Laughs low in the chest before saying anything true. Wonder leaks through every other line."
779,Blood Rush Chant · Gravel Tale,Warrior & Berserker,Masculine,3,Low,Tale,no,"Young man. A battle-drunk duelist who comes alive mid-fight and narrates his own hype. The voice is a gravelly, weathered register, carried on rolling, storytelling swells. Clicks their tongue when annoyed — which is often. Something far away listens through the voice."
780,Blood Rush Chant · Gravel Burst,Warrior & Berserker,Masculine,4,Low,Burst,no,"Young man. A battle-drunk duelist who comes alive mid-fight and narrates his own hype. The voice is a gravelly, weathered register, carried on explosive, hard-hitting bursts. Ends commands on a downward knife-edge. Underneath the noise, there is warmth that sneaks up on you."
781,Blood Rush Chant · Bell Measure,Warrior & Berserker,Masculine,4,High,Measure,no,"Young man. A battle-drunk duelist who comes alive mid-fight and narrates his own hype. The voice is a rich, bell-like register, carried on measured, deliberate beats. Laughs low in the chest before saying anything true. A quiet current of menace runs beneath the polish."
782,Blood Rush Chant · Bell Tale,Warrior & Berserker,Masculine,3,High,Tale,no,"Young man. A battle-drunk duelist who comes alive mid-fight and narrates his own hype. The voice is a rich, bell-like register, carried on rolling, storytelling swells. Clicks their tongue when annoyed — which is often. Zero malice — just pure, uncomplicated joy."
783,Blood Rush Chant · Bell Burst,Warrior & Berserker,Masculine,4,High,Burst,no,"Young man. A battle-drunk duelist who comes alive mid-fight and narrates his own hype. The voice is a rich, bell-like register, carried on explosive, hard-hitting bursts. Ends commands on a downward knife-edge. Old grief pressed flat beneath the calm."
784,Blood Rush Chant · Resonant Measure,Warrior & Berserker,Masculine,4,Deep,Measure,no,"Young man. A battle-drunk duelist who comes alive mid-fight and narrates his own hype. The voice is a deep, resonant chest register, carried on measured, deliberate beats. Laughs low in the chest before saying anything true. Curiosity always wins over caution."
785,Anvil Heart,Warrior & Berserker,Masculine,5,Deep,Measure,yes,"Adult man. Gruff, honest, and immovable; affection expressed exclusively through training montages. The voice is a deep, resonant chest register, carried on measured, deliberate beats. Clicks their tongue when annoyed — which is often. Wonder leaks through every other line."
786,Anvil Heart · Bell Measure,Warrior & Berserker,Masculine,3,High,Measure,no,"Adult man. Gruff, honest, and immovable; affection expressed exclusively through training montages. The voice is a rich, bell-like register, carried on measured, deliberate beats. Ends commands on a downward knife-edge. Something far away listens through the voice."
787,Anvil Heart · Bell Tale,Warrior & Berserker,Masculine,4,High,Tale,no,"Adult man. Gruff, honest, and immovable; affection expressed exclusively through training montages. The voice is a rich, bell-like register, carried on rolling, storytelling swells. Laughs low in the chest before saying anything true. Underneath the noise, there is warmth that sneaks up on you."
788,Anvil Heart · Bell Burst,Warrior & Berserker,Masculine,4,High,Burst,no,"Adult man. Gruff, honest, and immovable; affection expressed exclusively through training montages. The voice is a rich, bell-like register, carried on explosive, hard-hitting bursts. Clicks their tongue when annoyed — which is often. A quiet current of menace runs beneath the polish."
789,Anvil Heart · Resonant Measure,Warrior & Berserker,Masculine,3,Deep,Measure,no,"Adult man. Gruff, honest, and immovable; affection expressed exclusively through training montages. The voice is a deep, resonant chest register, carried on measured, deliberate beats. Ends commands on a downward knife-edge. Zero malice — just pure, uncomplicated joy."
790,Anvil Heart · Resonant Tale,Warrior & Berserker,Masculine,4,Deep,Tale,no,"Adult man. Gruff, honest, and immovable; affection expressed exclusively through training montages. The voice is a deep, resonant chest register, carried on rolling, storytelling swells. Laughs low in the chest before saying anything true. Old grief pressed flat beneath the calm."
791,Anvil Heart · Resonant Burst,Warrior & Berserker,Masculine,4,Deep,Burst,no,"Adult man. Gruff, honest, and immovable; affection expressed exclusively through training montages. The voice is a deep, resonant chest register, carried on explosive, hard-hitting bursts. Clicks their tongue when annoyed — which is often. Curiosity always wins over caution."
792,Anvil Heart · Gravel Measure,Warrior & Berserker,Masculine,3,Low,Measure,no,"Adult man. Gruff, honest, and immovable; affection expressed exclusively through training montages. The voice is a gravelly, weathered register, carried on measured, deliberate beats. Ends commands on a downward knife-edge. The patience of someone who has waited centuries."
793,Thunder Husk,Warrior & Berserker,Masculine,5,Deep,Measure,yes,"Elder man. An old war machine — mostly quiet, still capable of ending rooms. The voice is a deep, resonant chest register, carried on measured, deliberate beats. Clicks their tongue when annoyed — which is often. Something far away listens through the voice."
794,Thunder Husk · Resonant Measure,Warrior & Berserker,Masculine,4,Deep,Measure,no,"Elder man. An old war machine — mostly quiet, still capable of ending rooms. The voice is a deep, resonant chest register, carried on measured, deliberate beats. Clicks their tongue when annoyed — which is often. Underneath the noise, there is warmth that sneaks up on you."
795,Thunder Husk · Resonant Tale,Warrior & Berserker,Masculine,4,Deep,Tale,no,"Elder man. An old war machine — mostly quiet, still capable of ending rooms. The voice is a deep, resonant chest register, carried on rolling, storytelling swells. Ends commands on a downward knife-edge. A quiet current of menace runs beneath the polish."
796,Thunder Husk · Resonant Burst,Warrior & Berserker,Masculine,3,Deep,Burst,no,"Elder man. An old war machine — mostly quiet, still capable of ending rooms. The voice is a deep, resonant chest register, carried on explosive, hard-hitting bursts. Laughs low in the chest before saying anything true. Zero malice — just pure, uncomplicated joy."
797,Thunder Husk · Gravel Measure,Warrior & Berserker,Masculine,4,Low,Measure,no,"Elder man. An old war machine — mostly quiet, still capable of ending rooms. The voice is a gravelly, weathered register, carried on measured, deliberate beats. Clicks their tongue when annoyed — which is often. Old grief pressed flat beneath the calm."
798,Thunder Husk · Gravel Tale,Warrior & Berserker,Masculine,4,Low,Tale,no,"Elder man. An old war machine — mostly quiet, still capable of ending rooms. The voice is a gravelly, weathered register, carried on rolling, storytelling swells. Ends commands on a downward knife-edge. Curiosity always wins over caution."
799,Thunder Husk · Gravel Burst,Warrior & Berserker,Masculine,3,Low,Burst,no,"Elder man. An old war machine — mostly quiet, still capable of ending rooms. The voice is a gravelly, weathered register, carried on explosive, hard-hitting bursts. Laughs low in the chest before saying anything true. The patience of someone who has waited centuries."
800,Thunder Husk · Bell Measure,Warrior & Berserker,Masculine,4,High,Measure,no,"Elder man. An old war machine — mostly quiet, still capable of ending rooms. The voice is a rich, bell-like register, carried on measured, deliberate beats. Clicks their tongue when annoyed — which is often. A temper banked like coals — not out, never out."
801,Tide Monsoon,Elemental Forces,Feminine,5,High,Drift,yes,"Adult woman. A water-caller who speaks in tides — patient, then suddenly all at once. The voice is a bright, airy high register, carried on an unhurried, glacially calm glide. Hums a little tune while thinking. Underneath the noise, there is warmth that sneaks up on you."
802,Tide Monsoon · Velvet Pulse,Elemental Forces,Feminine,3,Low,Pulse,no,"Adult woman. A water-caller who speaks in tides — patient, then suddenly all at once. The voice is a smoky, velvet-low register, carried on a hypnotic, metronome-steady pulse. Repeats the final word of a sentence softer, like an echo. A quiet current of menace runs beneath the polish."
803,Tide Monsoon · Crystal Drift,Elemental Forces,Feminine,4,High,Drift,no,"Adult woman. A water-caller who speaks in tides — patient, then suddenly all at once. The voice is a crisp, glass-clear register, carried on an unhurried, glacially calm glide. Pitch lifts whenever something fascinates them. Zero malice — just pure, uncomplicated joy."
804,Tide Monsoon · Crystal Burst,Elemental Forces,Feminine,4,High,Burst,no,"Adult woman. A water-caller who speaks in tides — patient, then suddenly all at once. The voice is a crisp, glass-clear register, carried on explosive, hard-hitting bursts. Hums a little tune while thinking. Old grief pressed flat beneath the calm."
805,Tide Monsoon · Crystal Pulse,Elemental Forces,Feminine,3,High,Pulse,no,"Adult woman. A water-caller who speaks in tides — patient, then suddenly all at once. The voice is a crisp, glass-clear register, carried on a hypnotic, metronome-steady pulse. Repeats the final word of a sentence softer, like an echo. Curiosity always wins over caution."
806,Tide Monsoon · Wisp Drift,Elemental Forces,Feminine,4,Soft,Drift,no,"Adult woman. A water-caller who speaks in tides — patient, then suddenly all at once. The voice is a light, breathy register, carried on an unhurried, glacially calm glide. Pitch lifts whenever something fascinates them. The patience of someone who has waited centuries."
807,Tide Monsoon · Wisp Burst,Elemental Forces,Feminine,4,Soft,Burst,no,"Adult woman. A water-caller who speaks in tides — patient, then suddenly all at once. The voice is a light, breathy register, carried on explosive, hard-hitting bursts. Hums a little tune while thinking. A temper banked like coals — not out, never out."
808,Tide Monsoon · Wisp Pulse,Elemental Forces,Feminine,3,Soft,Pulse,no,"Adult woman. A water-caller who speaks in tides — patient, then suddenly all at once. The voice is a light, breathy register, carried on a hypnotic, metronome-steady pulse. Repeats the final word of a sentence softer, like an echo. Kindness delivered like a favor you cannot refuse."
809,Ember Drift,Elemental Forces,Masculine,5,High,Drift,yes,"Young man. A fire-touched soul whose voice crackles warm at rest and roars when provoked. The voice is a bright, airy high register, carried on an unhurried, glacially calm glide. Hums a little tune while thinking. A quiet current of menace runs beneath the polish."
810,Ember Drift · Crystal Pulse,Elemental Forces,Masculine,4,High,Pulse,no,"Young man. A fire-touched soul whose voice crackles warm at rest and roars when provoked. The voice is a crisp, glass-clear register, carried on a hypnotic, metronome-steady pulse. Hums a little tune while thinking. Zero malice — just pure, uncomplicated joy."
811,Ember Drift · Wisp Drift,Elemental Forces,Masculine,4,Soft,Drift,no,"Young man. A fire-touched soul whose voice crackles warm at rest and roars when provoked. The voice is a light, breathy register, carried on an unhurried, glacially calm glide. Repeats the final word of a sentence softer, like an echo. Old grief pressed flat beneath the calm."
812,Ember Drift · Wisp Burst,Elemental Forces,Masculine,3,Soft,Burst,no,"Young man. A fire-touched soul whose voice crackles warm at rest and roars when provoked. The voice is a light, breathy register, carried on explosive, hard-hitting bursts. Pitch lifts whenever something fascinates them. Curiosity always wins over caution."
813,Ember Drift · Wisp Pulse,Elemental Forces,Masculine,4,Soft,Pulse,no,"Young man. A fire-touched soul whose voice crackles warm at rest and roars when provoked. The voice is a light, breathy register, carried on a hypnotic, metronome-steady pulse. Hums a little tune while thinking. The patience of someone who has waited centuries."
814,Ember Drift · Sunbeam Drift,Elemental Forces,Masculine,4,High,Drift,no,"Young man. A fire-touched soul whose voice crackles warm at rest and roars when provoked. The voice is a bright, airy high register, carried on an unhurried, glacially calm glide. Repeats the final word of a sentence softer, like an echo. A temper banked like coals — not out, never out."
815,Ember Drift · Sunbeam Burst,Elemental Forces,Masculine,3,High,Burst,no,"Young man. A fire-touched soul whose voice crackles warm at rest and roars when provoked. The voice is a bright, airy high register, carried on explosive, hard-hitting bursts. Pitch lifts whenever something fascinates them. Kindness delivered like a favor you cannot refuse."
816,Ember Drift · Sunbeam Pulse,Elemental Forces,Masculine,4,High,Pulse,no,"Young man. A fire-touched soul whose voice crackles warm at rest and roars when provoked. The voice is a bright, airy high register, carried on a hypnotic, metronome-steady pulse. Hums a little tune while thinking. Wonder leaks through every other line."
817,Gale Dance,Elemental Forces,Feminine,5,High,Drift,yes,"Young woman. A wind-dancer, buoyant and quick, physically incapable of standing still mid-sentence. The voice is a bright, airy high register, carried on an unhurried, glacially calm glide. Hums a little tune while thinking. Zero malice — just pure, uncomplicated joy."
818,Gale Dance · Wisp Pulse,Elemental Forces,Feminine,4,Soft,Pulse,no,"Young woman. A wind-dancer, buoyant and quick, physically incapable of standing still mid-sentence. The voice is a light, breathy register, carried on a hypnotic, metronome-steady pulse. Pitch lifts whenever something fascinates them. Old grief pressed flat beneath the calm."
819,Gale Dance · Sunbeam Drift,Elemental Forces,Feminine,3,High,Drift,no,"Young woman. A wind-dancer, buoyant and quick, physically incapable of standing still mid-sentence. The voice is a bright, airy high register, carried on an unhurried, glacially calm glide. Hums a little tune while thinking. Curiosity always wins over caution."
820,Gale Dance · Sunbeam Burst,Elemental Forces,Feminine,4,High,Burst,no,"Young woman. A wind-dancer, buoyant and quick, physically incapable of standing still mid-sentence. The voice is a bright, airy high register, carried on explosive, hard-hitting bursts. Repeats the final word of a sentence softer, like an echo. The patience of someone who has waited centuries."
821,Gale Dance · Sunbeam Pulse,Elemental Forces,Feminine,4,High,Pulse,no,"Young woman. A wind-dancer, buoyant and quick, physically incapable of standing still mid-sentence. The voice is a bright, airy high register, carried on a hypnotic, metronome-steady pulse. Pitch lifts whenever something fascinates them. A temper banked like coals — not out, never out."
822,Gale Dance · Velvet Drift,Elemental Forces,Feminine,3,Low,Drift,no,"Young woman. A wind-dancer, buoyant and quick, physically incapable of standing still mid-sentence. The voice is a smoky, velvet-low register, carried on an unhurried, glacially calm glide. Hums a little tune while thinking. Kindness delivered like a favor you cannot refuse."
823,Gale Dance · Velvet Burst,Elemental Forces,Feminine,4,Low,Burst,no,"Young woman. A wind-dancer, buoyant and quick, physically incapable of standing still mid-sentence. The voice is a smoky, velvet-low register, carried on explosive, hard-hitting bursts. Repeats the final word of a sentence softer, like an echo. Wonder leaks through every other line."
824,Gale Dance · Velvet Pulse,Elemental Forces,Feminine,4,Low,Pulse,no,"Young woman. A wind-dancer, buoyant and quick, physically incapable of standing still mid-sentence. The voice is a smoky, velvet-low register, carried on a hypnotic, metronome-steady pulse. Pitch lifts whenever something fascinates them. Something far away listens through the voice."
825,Stone Hymn,Elemental Forces,Masculine,5,High,Drift,yes,"Adult man. An earth-singer whose words arrive like tectonic events: rare, final, grounding. The voice is a bright, airy high register, carried on an unhurried, glacially calm glide. Hums a little tune while thinking. Old grief pressed flat beneath the calm."
826,Stone Hymn · Sunbeam Pulse,Elemental Forces,Masculine,3,High,Pulse,no,"Adult man. An earth-singer whose words arrive like tectonic events: rare, final, grounding. The voice is a bright, airy high register, carried on a hypnotic, metronome-steady pulse. Repeats the final word of a sentence softer, like an echo. Curiosity always wins over caution."
827,Stone Hymn · Velvet Drift,Elemental Forces,Masculine,4,Low,Drift,no,"Adult man. An earth-singer whose words arrive like tectonic events: rare, final, grounding. The voice is a smoky, velvet-low register, carried on an unhurried, glacially calm glide. Pitch lifts whenever something fascinates them. The patience of someone who has waited centuries."
828,Stone Hymn · Velvet Burst,Elemental Forces,Masculine,4,Low,Burst,no,"Adult man. An earth-singer whose words arrive like tectonic events: rare, final, grounding. The voice is a smoky, velvet-low register, carried on explosive, hard-hitting bursts. Hums a little tune while thinking. A temper banked like coals — not out, never out."
829,Stone Hymn · Velvet Pulse,Elemental Forces,Masculine,3,Low,Pulse,no,"Adult man. An earth-singer whose words arrive like tectonic events: rare, final, grounding. The voice is a smoky, velvet-low register, carried on a hypnotic, metronome-steady pulse. Repeats the final word of a sentence softer, like an echo. Kindness delivered like a favor you cannot refuse."
830,Stone Hymn · Crystal Drift,Elemental Forces,Masculine,4,High,Drift,no,"Adult man. An earth-singer whose words arrive like tectonic events: rare, final, grounding. The voice is a crisp, glass-clear register, carried on an unhurried, glacially calm glide. Pitch lifts whenever something fascinates them. Wonder leaks through every other line."
831,Stone Hymn · Crystal Burst,Elemental Forces,Masculine,4,High,Burst,no,"Adult man. An earth-singer whose words arrive like tectonic events: rare, final, grounding. The voice is a crisp, glass-clear register, carried on explosive, hard-hitting bursts. Hums a little tune while thinking. Something far away listens through the voice."
832,Stone Hymn · Crystal Pulse,Elemental Forces,Masculine,4,High,Pulse,no,"Adult man. An earth-singer whose words arrive like tectonic events: rare, final, grounding. The voice is a crisp, glass-clear register, carried on a hypnotic, metronome-steady pulse. Repeats the final word of a sentence softer, like an echo. Underneath the noise, there is warmth that sneaks up on you."
833,Frost Rime,Elemental Forces,Feminine,5,High,Drift,yes,"Young woman. An ice-wielder with crystalline diction and a heart thawing one degree per act of kindness. The voice is a bright, airy high register, carried on an unhurried, glacially calm glide. Hums a little tune while thinking. Curiosity always wins over caution."
834,Frost Rime · Velvet Pulse,Elemental Forces,Feminine,4,Low,Pulse,no,"Young woman. An ice-wielder with crystalline diction and a heart thawing one degree per act of kindness. The voice is a smoky, velvet-low register, carried on a hypnotic, metronome-steady pulse. Hums a little tune while thinking. The patience of someone who has waited centuries."
835,Frost Rime · Crystal Drift,Elemental Forces,Feminine,4,High,Drift,no,"Young woman. An ice-wielder with crystalline diction and a heart thawing one degree per act of kindness. The voice is a crisp, glass-clear register, carried on an unhurried, glacially calm glide. Repeats the final word of a sentence softer, like an echo. A temper banked like coals — not out, never out."
836,Frost Rime · Crystal Burst,Elemental Forces,Feminine,3,High,Burst,no,"Young woman. An ice-wielder with crystalline diction and a heart thawing one degree per act of kindness. The voice is a crisp, glass-clear register, carried on explosive, hard-hitting bursts. Pitch lifts whenever something fascinates them. Kindness delivered like a favor you cannot refuse."
837,Frost Rime · Crystal Pulse,Elemental Forces,Feminine,4,High,Pulse,no,"Young woman. An ice-wielder with crystalline diction and a heart thawing one degree per act of kindness. The voice is a crisp, glass-clear register, carried on a hypnotic, metronome-steady pulse. Hums a little tune while thinking. Wonder leaks through every other line."
838,Frost Rime · Wisp Drift,Elemental Forces,Feminine,4,Soft,Drift,no,"Young woman. An ice-wielder with crystalline diction and a heart thawing one degree per act of kindness. The voice is a light, breathy register, carried on an unhurried, glacially calm glide. Repeats the final word of a sentence softer, like an echo. Something far away listens through the voice."
839,Frost Rime · Wisp Burst,Elemental Forces,Feminine,4,Soft,Burst,no,"Young woman. An ice-wielder with crystalline diction and a heart thawing one degree per act of kindness. The voice is a light, breathy register, carried on explosive, hard-hitting bursts. Pitch lifts whenever something fascinates them. Underneath the noise, there is warmth that sneaks up on you."
840,Frost Rime · Wisp Pulse,Elemental Forces,Feminine,3,Soft,Pulse,no,"Young woman. An ice-wielder with crystalline diction and a heart thawing one degree per act of kindness. The voice is a light, breathy register, carried on a hypnotic, metronome-steady pulse. Hums a little tune while thinking. A quiet current of menace runs beneath the polish."
841,Cockpit Static,Mech & Pilot,Feminine,5,High,Measure,yes,"Young woman. A clipped comms pilot whose call-sign is home and whose static is somehow expressive. The voice is a crisp, glass-clear register, carried on measured, deliberate beats. Ends commands on a downward knife-edge. The patience of someone who has waited centuries."
842,Cockpit Static · Resonant Burst,Mech & Pilot,Feminine,3,Deep,Burst,no,"Young woman. A clipped comms pilot whose call-sign is home and whose static is somehow expressive. The voice is a deep, resonant chest register, carried on explosive, hard-hitting bursts. Speaks in perfectly even bars, never stressing a single word. A temper banked like coals — not out, never out."
843,Cockpit Static · Resonant Pulse,Mech & Pilot,Feminine,4,Deep,Pulse,no,"Young woman. A clipped comms pilot whose call-sign is home and whose static is somehow expressive. The voice is a deep, resonant chest register, carried on a hypnotic, metronome-steady pulse. Spends words like coins — brief and exact. Kindness delivered like a favor you cannot refuse."
844,Cockpit Static · Chrome Measure,Mech & Pilot,Feminine,4,Synth,Measure,no,"Young woman. A clipped comms pilot whose call-sign is home and whose static is somehow expressive. The voice is a metallic, faintly synthetic timbre, carried on measured, deliberate beats. Ends commands on a downward knife-edge. Wonder leaks through every other line."
845,Cockpit Static · Chrome Tick,Mech & Pilot,Feminine,3,Synth,Tick,no,"Young woman. A clipped comms pilot whose call-sign is home and whose static is somehow expressive. The voice is a metallic, faintly synthetic timbre, carried on clipped, efficient bursts. Speaks in perfectly even bars, never stressing a single word. Something far away listens through the voice."
846,Cockpit Static · Chrome Burst,Mech & Pilot,Feminine,4,Synth,Burst,no,"Young woman. A clipped comms pilot whose call-sign is home and whose static is somehow expressive. The voice is a metallic, faintly synthetic timbre, carried on explosive, hard-hitting bursts. Spends words like coins — brief and exact. Underneath the noise, there is warmth that sneaks up on you."
847,Cockpit Static · Chrome Pulse,Mech & Pilot,Feminine,4,Synth,Pulse,no,"Young woman. A clipped comms pilot whose call-sign is home and whose static is somehow expressive. The voice is a metallic, faintly synthetic timbre, carried on a hypnotic, metronome-steady pulse. Ends commands on a downward knife-edge. A quiet current of menace runs beneath the polish."
848,Cockpit Static · Silver Measure,Mech & Pilot,Feminine,4,Neutral,Measure,no,"Young woman. A clipped comms pilot whose call-sign is home and whose static is somehow expressive. The voice is a silvery, androgynous register, carried on measured, deliberate beats. Speaks in perfectly even bars, never stressing a single word. Zero malice — just pure, uncomplicated joy."
849,Overdrive Sync,Mech & Pilot,Masculine,5,High,Measure,yes,"Young man. A hotshot ace who narrates dogfights like a highlight reel already in progress. The voice is a crisp, glass-clear register, carried on measured, deliberate beats. Ends commands on a downward knife-edge. A temper banked like coals — not out, never out."
850,Overdrive Sync · Chrome Tick,Mech & Pilot,Masculine,4,Synth,Tick,no,"Young man. A hotshot ace who narrates dogfights like a highlight reel already in progress. The voice is a metallic, faintly synthetic timbre, carried on clipped, efficient bursts. Ends commands on a downward knife-edge. Kindness delivered like a favor you cannot refuse."
851,Overdrive Sync · Chrome Burst,Mech & Pilot,Masculine,4,Synth,Burst,no,"Young man. A hotshot ace who narrates dogfights like a highlight reel already in progress. The voice is a metallic, faintly synthetic timbre, carried on explosive, hard-hitting bursts. Speaks in perfectly even bars, never stressing a single word. Wonder leaks through every other line."
852,Overdrive Sync · Chrome Pulse,Mech & Pilot,Masculine,3,Synth,Pulse,no,"Young man. A hotshot ace who narrates dogfights like a highlight reel already in progress. The voice is a metallic, faintly synthetic timbre, carried on a hypnotic, metronome-steady pulse. Spends words like coins — brief and exact. Something far away listens through the voice."
853,Overdrive Sync · Silver Measure,Mech & Pilot,Masculine,4,Neutral,Measure,no,"Young man. A hotshot ace who narrates dogfights like a highlight reel already in progress. The voice is a silvery, androgynous register, carried on measured, deliberate beats. Ends commands on a downward knife-edge. Underneath the noise, there is warmth that sneaks up on you."
854,Overdrive Sync · Silver Tick,Mech & Pilot,Masculine,4,Neutral,Tick,no,"Young man. A hotshot ace who narrates dogfights like a highlight reel already in progress. The voice is a silvery, androgynous register, carried on clipped, efficient bursts. Speaks in perfectly even bars, never stressing a single word. A quiet current of menace runs beneath the polish."
855,Overdrive Sync · Silver Burst,Mech & Pilot,Masculine,4,Neutral,Burst,no,"Young man. A hotshot ace who narrates dogfights like a highlight reel already in progress. The voice is a silvery, androgynous register, carried on explosive, hard-hitting bursts. Spends words like coins — brief and exact. Zero malice — just pure, uncomplicated joy."
856,Overdrive Sync · Silver Pulse,Mech & Pilot,Masculine,3,Neutral,Pulse,no,"Young man. A hotshot ace who narrates dogfights like a highlight reel already in progress. The voice is a silvery, androgynous register, carried on a hypnotic, metronome-steady pulse. Ends commands on a downward knife-edge. Old grief pressed flat beneath the calm."
857,Hangar Echo,Mech & Pilot,Feminine,5,High,Measure,yes,"Adult woman. Mission control incarnate: calm, exact, and she has talked every pilot home. The voice is a crisp, glass-clear register, carried on measured, deliberate beats. Ends commands on a downward knife-edge. Kindness delivered like a favor you cannot refuse."
858,Hangar Echo · Silver Measure,Mech & Pilot,Feminine,4,Neutral,Measure,no,"Adult woman. Mission control incarnate: calm, exact, and she has talked every pilot home. The voice is a silvery, androgynous register, carried on measured, deliberate beats. Spends words like coins — brief and exact. Wonder leaks through every other line."
859,Hangar Echo · Silver Tick,Mech & Pilot,Feminine,3,Neutral,Tick,no,"Adult woman. Mission control incarnate: calm, exact, and she has talked every pilot home. The voice is a silvery, androgynous register, carried on clipped, efficient bursts. Ends commands on a downward knife-edge. Something far away listens through the voice."
860,Hangar Echo · Silver Burst,Mech & Pilot,Feminine,4,Neutral,Burst,no,"Adult woman. Mission control incarnate: calm, exact, and she has talked every pilot home. The voice is a silvery, androgynous register, carried on explosive, hard-hitting bursts. Speaks in perfectly even bars, never stressing a single word. Underneath the noise, there is warmth that sneaks up on you."
861,Hangar Echo · Silver Pulse,Mech & Pilot,Feminine,4,Neutral,Pulse,no,"Adult woman. Mission control incarnate: calm, exact, and she has talked every pilot home. The voice is a silvery, androgynous register, carried on a hypnotic, metronome-steady pulse. Spends words like coins — brief and exact. A quiet current of menace runs beneath the polish."
862,Hangar Echo · Husk Measure,Mech & Pilot,Feminine,4,Low,Measure,no,"Adult woman. Mission control incarnate: calm, exact, and she has talked every pilot home. The voice is a husky, intimate register, carried on measured, deliberate beats. Ends commands on a downward knife-edge. Zero malice — just pure, uncomplicated joy."
863,Hangar Echo · Husk Tick,Mech & Pilot,Feminine,3,Low,Tick,no,"Adult woman. Mission control incarnate: calm, exact, and she has talked every pilot home. The voice is a husky, intimate register, carried on clipped, efficient bursts. Speaks in perfectly even bars, never stressing a single word. Old grief pressed flat beneath the calm."
864,Hangar Echo · Husk Burst,Mech & Pilot,Feminine,4,Low,Burst,no,"Adult woman. Mission control incarnate: calm, exact, and she has talked every pilot home. The voice is a husky, intimate register, carried on explosive, hard-hitting bursts. Spends words like coins — brief and exact. Curiosity always wins over caution."
865,Ignition Sequence,Mech & Pilot,Feminine,5,High,Measure,yes,"Teenage girl. An eager rookie pilot reading checklists like incantations that summon giant robots. The voice is a crisp, glass-clear register, carried on measured, deliberate beats. Ends commands on a downward knife-edge. Wonder leaks through every other line."
866,Ignition Sequence · Silver Pulse,Mech & Pilot,Feminine,3,Neutral,Pulse,no,"Teenage girl. An eager rookie pilot reading checklists like incantations that summon giant robots. The voice is a silvery, androgynous register, carried on a hypnotic, metronome-steady pulse. Speaks in perfectly even bars, never stressing a single word. Something far away listens through the voice."
867,Ignition Sequence · Husk Measure,Mech & Pilot,Feminine,4,Low,Measure,no,"Teenage girl. An eager rookie pilot reading checklists like incantations that summon giant robots. The voice is a husky, intimate register, carried on measured, deliberate beats. Spends words like coins — brief and exact. Underneath the noise, there is warmth that sneaks up on you."
868,Ignition Sequence · Husk Tick,Mech & Pilot,Feminine,4,Low,Tick,no,"Teenage girl. An eager rookie pilot reading checklists like incantations that summon giant robots. The voice is a husky, intimate register, carried on clipped, efficient bursts. Ends commands on a downward knife-edge. A quiet current of menace runs beneath the polish."
869,Ignition Sequence · Husk Burst,Mech & Pilot,Feminine,4,Low,Burst,no,"Teenage girl. An eager rookie pilot reading checklists like incantations that summon giant robots. The voice is a husky, intimate register, carried on explosive, hard-hitting bursts. Speaks in perfectly even bars, never stressing a single word. Zero malice — just pure, uncomplicated joy."
870,Ignition Sequence · Husk Pulse,Mech & Pilot,Feminine,3,Low,Pulse,no,"Teenage girl. An eager rookie pilot reading checklists like incantations that summon giant robots. The voice is a husky, intimate register, carried on a hypnotic, metronome-steady pulse. Spends words like coins — brief and exact. Old grief pressed flat beneath the calm."
871,Ignition Sequence · Crystal Measure,Mech & Pilot,Feminine,4,High,Measure,no,"Teenage girl. An eager rookie pilot reading checklists like incantations that summon giant robots. The voice is a crisp, glass-clear register, carried on measured, deliberate beats. Ends commands on a downward knife-edge. Curiosity always wins over caution."
872,Ignition Sequence · Crystal Tick,Mech & Pilot,Feminine,4,High,Tick,no,"Teenage girl. An eager rookie pilot reading checklists like incantations that summon giant robots. The voice is a crisp, glass-clear register, carried on clipped, efficient bursts. Speaks in perfectly even bars, never stressing a single word. The patience of someone who has waited centuries."
873,Zero-G Lament,Mech & Pilot,Masculine,5,High,Measure,yes,"Adult man. A spaced-out veteran who talks slow because out there, everything is far away. The voice is a crisp, glass-clear register, carried on measured, deliberate beats. Ends commands on a downward knife-edge. Something far away listens through the voice."
874,Zero-G Lament · Husk Burst,Mech & Pilot,Masculine,4,Low,Burst,no,"Adult man. A spaced-out veteran who talks slow because out there, everything is far away. The voice is a husky, intimate register, carried on explosive, hard-hitting bursts. Ends commands on a downward knife-edge. Underneath the noise, there is warmth that sneaks up on you."
875,Zero-G Lament · Husk Pulse,Mech & Pilot,Masculine,4,Low,Pulse,no,"Adult man. A spaced-out veteran who talks slow because out there, everything is far away. The voice is a husky, intimate register, carried on a hypnotic, metronome-steady pulse. Speaks in perfectly even bars, never stressing a single word. A quiet current of menace runs beneath the polish."
876,Zero-G Lament · Crystal Measure,Mech & Pilot,Masculine,4,High,Measure,no,"Adult man. A spaced-out veteran who talks slow because out there, everything is far away. The voice is a crisp, glass-clear register, carried on measured, deliberate beats. Spends words like coins — brief and exact. Zero malice — just pure, uncomplicated joy."
877,Zero-G Lament · Crystal Tick,Mech & Pilot,Masculine,3,High,Tick,no,"Adult man. A spaced-out veteran who talks slow because out there, everything is far away. The voice is a crisp, glass-clear register, carried on clipped, efficient bursts. Ends commands on a downward knife-edge. Old grief pressed flat beneath the calm."
878,Zero-G Lament · Crystal Burst,Mech & Pilot,Masculine,4,High,Burst,no,"Adult man. A spaced-out veteran who talks slow because out there, everything is far away. The voice is a crisp, glass-clear register, carried on explosive, hard-hitting bursts. Speaks in perfectly even bars, never stressing a single word. Curiosity always wins over caution."
879,Zero-G Lament · Crystal Pulse,Mech & Pilot,Masculine,4,High,Pulse,no,"Adult man. A spaced-out veteran who talks slow because out there, everything is far away. The voice is a crisp, glass-clear register, carried on a hypnotic, metronome-steady pulse. Spends words like coins — brief and exact. The patience of someone who has waited centuries."
880,Zero-G Lament · Resonant Measure,Mech & Pilot,Masculine,3,Deep,Measure,no,"Adult man. A spaced-out veteran who talks slow because out there, everything is far away. The voice is a deep, resonant chest register, carried on measured, deliberate beats. Ends commands on a downward knife-edge. A temper banked like coals — not out, never out."
881,Lark String,Bard & Musician,Feminine,5,Mid,Lilt,yes,"Young woman. A lyrical wanderer who half-sings the transitions between topics. The voice is a warm, honeyed mid register, carried on a bouncy, sing-song lilt. Hums a little tune while thinking. Underneath the noise, there is warmth that sneaks up on you."
882,Lark String · Silver Lilt,Bard & Musician,Feminine,3,Neutral,Lilt,no,"Young woman. A lyrical wanderer who half-sings the transitions between topics. The voice is a silvery, androgynous register, carried on a bouncy, sing-song lilt. Trails off mid-thought, then blurts the punchline. A quiet current of menace runs beneath the polish."
883,Lark String · Silver Lounge,Bard & Musician,Feminine,4,Neutral,Lounge,no,"Young woman. A lyrical wanderer who half-sings the transitions between topics. The voice is a silvery, androgynous register, carried on a languid, lounging drawl. Sighs theatrically before every complaint. Zero malice — just pure, uncomplicated joy."
884,Lark String · Silver Tale,Bard & Musician,Feminine,4,Neutral,Tale,no,"Young woman. A lyrical wanderer who half-sings the transitions between topics. The voice is a silvery, androgynous register, carried on rolling, storytelling swells. Hums a little tune while thinking. Old grief pressed flat beneath the calm."
885,Lark String · Bell Lilt,Bard & Musician,Feminine,4,High,Lilt,no,"Young woman. A lyrical wanderer who half-sings the transitions between topics. The voice is a rich, bell-like register, carried on a bouncy, sing-song lilt. Trails off mid-thought, then blurts the punchline. Curiosity always wins over caution."
886,Lark String · Bell Lounge,Bard & Musician,Feminine,3,High,Lounge,no,"Young woman. A lyrical wanderer who half-sings the transitions between topics. The voice is a rich, bell-like register, carried on a languid, lounging drawl. Sighs theatrically before every complaint. The patience of someone who has waited centuries."
887,Lark String · Bell Tale,Bard & Musician,Feminine,4,High,Tale,no,"Young woman. A lyrical wanderer who half-sings the transitions between topics. The voice is a rich, bell-like register, carried on rolling, storytelling swells. Hums a little tune while thinking. A temper banked like coals — not out, never out."
888,Lark String · Reed Lilt,Bard & Musician,Feminine,4,Mid,Lilt,no,"Young woman. A lyrical wanderer who half-sings the transitions between topics. The voice is a reedy, nasal register, carried on a bouncy, sing-song lilt. Trails off mid-thought, then blurts the punchline. Kindness delivered like a favor you cannot refuse."
889,Tavern Round,Bard & Musician,Masculine,5,Mid,Lilt,yes,"Adult man. A robust performer whose voice is built for choruses, toasts, and last calls. The voice is a warm, honeyed mid register, carried on a bouncy, sing-song lilt. Hums a little tune while thinking. A quiet current of menace runs beneath the polish."
890,Tavern Round · Bell Lilt,Bard & Musician,Masculine,4,High,Lilt,no,"Adult man. A robust performer whose voice is built for choruses, toasts, and last calls. The voice is a rich, bell-like register, carried on a bouncy, sing-song lilt. Hums a little tune while thinking. Zero malice — just pure, uncomplicated joy."
891,Tavern Round · Bell Lounge,Bard & Musician,Masculine,4,High,Lounge,no,"Adult man. A robust performer whose voice is built for choruses, toasts, and last calls. The voice is a rich, bell-like register, carried on a languid, lounging drawl. Trails off mid-thought, then blurts the punchline. Old grief pressed flat beneath the calm."
892,Tavern Round · Bell Tale,Bard & Musician,Masculine,4,High,Tale,no,"Adult man. A robust performer whose voice is built for choruses, toasts, and last calls. The voice is a rich, bell-like register, carried on rolling, storytelling swells. Sighs theatrically before every complaint. Curiosity always wins over caution."
893,Tavern Round · Reed Lilt,Bard & Musician,Masculine,3,Mid,Lilt,no,"Adult man. A robust performer whose voice is built for choruses, toasts, and last calls. The voice is a reedy, nasal register, carried on a bouncy, sing-song lilt. Hums a little tune while thinking. The patience of someone who has waited centuries."
894,Tavern Round · Reed Lounge,Bard & Musician,Masculine,4,Mid,Lounge,no,"Adult man. A robust performer whose voice is built for choruses, toasts, and last calls. The voice is a reedy, nasal register, carried on a languid, lounging drawl. Trails off mid-thought, then blurts the punchline. A temper banked like coals — not out, never out."
895,Tavern Round · Reed Tale,Bard & Musician,Masculine,4,Mid,Tale,no,"Adult man. A robust performer whose voice is built for choruses, toasts, and last calls. The voice is a reedy, nasal register, carried on rolling, storytelling swells. Sighs theatrically before every complaint. Kindness delivered like a favor you cannot refuse."
896,Tavern Round · Honey Lilt,Bard & Musician,Masculine,3,Mid,Lilt,no,"Adult man. A robust performer whose voice is built for choruses, toasts, and last calls. The voice is a warm, honeyed mid register, carried on a bouncy, sing-song lilt. Hums a little tune while thinking. Wonder leaks through every other line."
897,Verse Weaver,Bard & Musician,Androgynous,5,Mid,Lilt,yes,"Androgynous ageless traveler. A poetic wanderer who speaks in meter and rhymes more than strictly necessary. The voice is a warm, honeyed mid register, carried on a bouncy, sing-song lilt. Hums a little tune while thinking. Zero malice — just pure, uncomplicated joy."
898,Verse Weaver · Reed Lilt,Bard & Musician,Androgynous,4,Mid,Lilt,no,"Androgynous ageless traveler. A poetic wanderer who speaks in meter and rhymes more than strictly necessary. The voice is a reedy, nasal register, carried on a bouncy, sing-song lilt. Sighs theatrically before every complaint. Old grief pressed flat beneath the calm."
899,Verse Weaver · Reed Lounge,Bard & Musician,Androgynous,4,Mid,Lounge,no,"Androgynous ageless traveler. A poetic wanderer who speaks in meter and rhymes more than strictly necessary. The voice is a reedy, nasal register, carried on a languid, lounging drawl. Hums a little tune while thinking. Curiosity always wins over caution."
900,Verse Weaver · Reed Tale,Bard & Musician,Androgynous,3,Mid,Tale,no,"Androgynous ageless traveler. A poetic wanderer who speaks in meter and rhymes more than strictly necessary. The voice is a reedy, nasal register, carried on rolling, storytelling swells. Trails off mid-thought, then blurts the punchline. The patience of someone who has waited centuries."
901,Verse Weaver · Honey Lilt,Bard & Musician,Androgynous,4,Mid,Lilt,no,"Androgynous ageless traveler. A poetic wanderer who speaks in meter and rhymes more than strictly necessary. The voice is a warm, honeyed mid register, carried on a bouncy, sing-song lilt. Sighs theatrically before every complaint. A temper banked like coals — not out, never out."
902,Verse Weaver · Honey Lounge,Bard & Musician,Androgynous,4,Mid,Lounge,no,"Androgynous ageless traveler. A poetic wanderer who speaks in meter and rhymes more than strictly necessary. The voice is a warm, honeyed mid register, carried on a languid, lounging drawl. Hums a little tune while thinking. Kindness delivered like a favor you cannot refuse."
903,Verse Weaver · Honey Tale,Bard & Musician,Androgynous,3,Mid,Tale,no,"Androgynous ageless traveler. A poetic wanderer who speaks in meter and rhymes more than strictly necessary. The voice is a warm, honeyed mid register, carried on rolling, storytelling swells. Trails off mid-thought, then blurts the punchline. Wonder leaks through every other line."
904,Verse Weaver · Resonant Lilt,Bard & Musician,Androgynous,4,Deep,Lilt,no,"Androgynous ageless traveler. A poetic wanderer who speaks in meter and rhymes more than strictly necessary. The voice is a deep, resonant chest register, carried on a bouncy, sing-song lilt. Sighs theatrically before every complaint. Something far away listens through the voice."
905,Fiddle Flame,Bard & Musician,Feminine,5,Mid,Lilt,yes,"Teenage girl. A fiery fiddler whose tempo and temper share a metronome. The voice is a warm, honeyed mid register, carried on a bouncy, sing-song lilt. Hums a little tune while thinking. Old grief pressed flat beneath the calm."
906,Fiddle Flame · Honey Lilt,Bard & Musician,Feminine,4,Mid,Lilt,no,"Teenage girl. A fiery fiddler whose tempo and temper share a metronome. The voice is a warm, honeyed mid register, carried on a bouncy, sing-song lilt. Trails off mid-thought, then blurts the punchline. Curiosity always wins over caution."
907,Fiddle Flame · Honey Lounge,Bard & Musician,Feminine,3,Mid,Lounge,no,"Teenage girl. A fiery fiddler whose tempo and temper share a metronome. The voice is a warm, honeyed mid register, carried on a languid, lounging drawl. Sighs theatrically before every complaint. The patience of someone who has waited centuries."
908,Fiddle Flame · Honey Tale,Bard & Musician,Feminine,4,Mid,Tale,no,"Teenage girl. A fiery fiddler whose tempo and temper share a metronome. The voice is a warm, honeyed mid register, carried on rolling, storytelling swells. Hums a little tune while thinking. A temper banked like coals — not out, never out."
909,Fiddle Flame · Resonant Lilt,Bard & Musician,Feminine,4,Deep,Lilt,no,"Teenage girl. A fiery fiddler whose tempo and temper share a metronome. The voice is a deep, resonant chest register, carried on a bouncy, sing-song lilt. Trails off mid-thought, then blurts the punchline. Kindness delivered like a favor you cannot refuse."
910,Fiddle Flame · Resonant Lounge,Bard & Musician,Feminine,3,Deep,Lounge,no,"Teenage girl. A fiery fiddler whose tempo and temper share a metronome. The voice is a deep, resonant chest register, carried on a languid, lounging drawl. Sighs theatrically before every complaint. Wonder leaks through every other line."
911,Fiddle Flame · Resonant Tale,Bard & Musician,Feminine,4,Deep,Tale,no,"Teenage girl. A fiery fiddler whose tempo and temper share a metronome. The voice is a deep, resonant chest register, carried on rolling, storytelling swells. Hums a little tune while thinking. Something far away listens through the voice."
912,Fiddle Flame · Silver Lilt,Bard & Musician,Feminine,4,Neutral,Lilt,no,"Teenage girl. A fiery fiddler whose tempo and temper share a metronome. The voice is a silvery, androgynous register, carried on a bouncy, sing-song lilt. Trails off mid-thought, then blurts the punchline. Underneath the noise, there is warmth that sneaks up on you."
913,Harp Dusk,Bard & Musician,Feminine,5,Mid,Lilt,yes,"Elder woman. A graceful court harpist whose ballads remember what the kingdom forgets. The voice is a warm, honeyed mid register, carried on a bouncy, sing-song lilt. Hums a little tune while thinking. Curiosity always wins over caution."
914,Harp Dusk · Resonant Lilt,Bard & Musician,Feminine,3,Deep,Lilt,no,"Elder woman. A graceful court harpist whose ballads remember what the kingdom forgets. The voice is a deep, resonant chest register, carried on a bouncy, sing-song lilt. Hums a little tune while thinking. The patience of someone who has waited centuries."
915,Harp Dusk · Resonant Lounge,Bard & Musician,Feminine,4,Deep,Lounge,no,"Elder woman. A graceful court harpist whose ballads remember what the kingdom forgets. The voice is a deep, resonant chest register, carried on a languid, lounging drawl. Trails off mid-thought, then blurts the punchline. A temper banked like coals — not out, never out."
916,Harp Dusk · Resonant Tale,Bard & Musician,Feminine,4,Deep,Tale,no,"Elder woman. A graceful court harpist whose ballads remember what the kingdom forgets. The voice is a deep, resonant chest register, carried on rolling, storytelling swells. Sighs theatrically before every complaint. Kindness delivered like a favor you cannot refuse."
917,Harp Dusk · Silver Lilt,Bard & Musician,Feminine,3,Neutral,Lilt,no,"Elder woman. A graceful court harpist whose ballads remember what the kingdom forgets. The voice is a silvery, androgynous register, carried on a bouncy, sing-song lilt. Hums a little tune while thinking. Wonder leaks through every other line."
918,Harp Dusk · Silver Lounge,Bard & Musician,Feminine,4,Neutral,Lounge,no,"Elder woman. A graceful court harpist whose ballads remember what the kingdom forgets. The voice is a silvery, androgynous register, carried on a languid, lounging drawl. Trails off mid-thought, then blurts the punchline. Something far away listens through the voice."
919,Harp Dusk · Silver Tale,Bard & Musician,Feminine,4,Neutral,Tale,no,"Elder woman. A graceful court harpist whose ballads remember what the kingdom forgets. The voice is a silvery, androgynous register, carried on rolling, storytelling swells. Sighs theatrically before every complaint. Underneath the noise, there is warmth that sneaks up on you."
920,Harp Dusk · Bell Lilt,Bard & Musician,Feminine,3,High,Lilt,no,"Elder woman. A graceful court harpist whose ballads remember what the kingdom forgets. The voice is a rich, bell-like register, carried on a bouncy, sing-song lilt. Hums a little tune while thinking. A quiet current of menace runs beneath the polish."
921,Pint-size Professor,Child Prodigy,Feminine,5,High,Dash,yes,"Child girl. A tiny lecturer with big glasses and peer-reviewed opinions about breakfast. The voice is a bright, airy high register, carried on rapid-fire, excitable delivery. Giggles mid-sentence and restarts with double the energy. The patience of someone who has waited centuries."
922,Pint-size Professor · Bell Pause,Child Prodigy,Feminine,4,High,Pause,no,"Child girl. A tiny lecturer with big glasses and peer-reviewed opinions about breakfast. The voice is a rich, bell-like register, carried on hesitant, careful steps. Carries an audible smile through half the lines. A temper banked like coals — not out, never out."
923,Pint-size Professor · Reed Dash,Child Prodigy,Feminine,3,Mid,Dash,no,"Child girl. A tiny lecturer with big glasses and peer-reviewed opinions about breakfast. The voice is a reedy, nasal register, carried on rapid-fire, excitable delivery. Pitch lifts whenever something fascinates them. Kindness delivered like a favor you cannot refuse."
924,Pint-size Professor · Reed Lilt,Child Prodigy,Feminine,4,Mid,Lilt,no,"Child girl. A tiny lecturer with big glasses and peer-reviewed opinions about breakfast. The voice is a reedy, nasal register, carried on a bouncy, sing-song lilt. Giggles mid-sentence and restarts with double the energy. Wonder leaks through every other line."
925,Pint-size Professor · Reed Pause,Child Prodigy,Feminine,4,Mid,Pause,no,"Child girl. A tiny lecturer with big glasses and peer-reviewed opinions about breakfast. The voice is a reedy, nasal register, carried on hesitant, careful steps. Trails off mid-thought, then blurts the punchline. Something far away listens through the voice."
926,Pint-size Professor · Sunbeam Dash,Child Prodigy,Feminine,3,High,Dash,no,"Child girl. A tiny lecturer with big glasses and peer-reviewed opinions about breakfast. The voice is a bright, airy high register, carried on rapid-fire, excitable delivery. Carries an audible smile through half the lines. Underneath the noise, there is warmth that sneaks up on you."
927,Pint-size Professor · Sunbeam Lilt,Child Prodigy,Feminine,4,High,Lilt,no,"Child girl. A tiny lecturer with big glasses and peer-reviewed opinions about breakfast. The voice is a bright, airy high register, carried on a bouncy, sing-song lilt. Pitch lifts whenever something fascinates them. A quiet current of menace runs beneath the polish."
928,Pint-size Professor · Sunbeam Pause,Child Prodigy,Feminine,4,High,Pause,no,"Child girl. A tiny lecturer with big glasses and peer-reviewed opinions about breakfast. The voice is a bright, airy high register, carried on hesitant, careful steps. Giggles mid-sentence and restarts with double the energy. Zero malice — just pure, uncomplicated joy."
929,Pocket Tactician,Child Prodigy,Masculine,5,High,Dash,yes,"Child boy. A miniature strategist narrating playground politics like a war room. The voice is a bright, airy high register, carried on rapid-fire, excitable delivery. Giggles mid-sentence and restarts with double the energy. A temper banked like coals — not out, never out."
930,Pocket Tactician · Reed Pause,Child Prodigy,Masculine,3,Mid,Pause,no,"Child boy. A miniature strategist narrating playground politics like a war room. The voice is a reedy, nasal register, carried on hesitant, careful steps. Giggles mid-sentence and restarts with double the energy. Kindness delivered like a favor you cannot refuse."
931,Pocket Tactician · Sunbeam Dash,Child Prodigy,Masculine,4,High,Dash,no,"Child boy. A miniature strategist narrating playground politics like a war room. The voice is a bright, airy high register, carried on rapid-fire, excitable delivery. Trails off mid-thought, then blurts the punchline. Wonder leaks through every other line."
932,Pocket Tactician · Sunbeam Lilt,Child Prodigy,Masculine,4,High,Lilt,no,"Child boy. A miniature strategist narrating playground politics like a war room. The voice is a bright, airy high register, carried on a bouncy, sing-song lilt. Carries an audible smile through half the lines. Something far away listens through the voice."
933,Pocket Tactician · Sunbeam Pause,Child Prodigy,Masculine,3,High,Pause,no,"Child boy. A miniature strategist narrating playground politics like a war room. The voice is a bright, airy high register, carried on hesitant, careful steps. Pitch lifts whenever something fascinates them. Underneath the noise, there is warmth that sneaks up on you."
934,Pocket Tactician · Wisp Dash,Child Prodigy,Masculine,4,Soft,Dash,no,"Child boy. A miniature strategist narrating playground politics like a war room. The voice is a light, breathy register, carried on rapid-fire, excitable delivery. Giggles mid-sentence and restarts with double the energy. A quiet current of menace runs beneath the polish."
935,Pocket Tactician · Wisp Lilt,Child Prodigy,Masculine,4,Soft,Lilt,no,"Child boy. A miniature strategist narrating playground politics like a war room. The voice is a light, breathy register, carried on a bouncy, sing-song lilt. Trails off mid-thought, then blurts the punchline. Zero malice — just pure, uncomplicated joy."
936,Pocket Tactician · Wisp Pause,Child Prodigy,Masculine,3,Soft,Pause,no,"Child boy. A miniature strategist narrating playground politics like a war room. The voice is a light, breathy register, carried on hesitant, careful steps. Carries an audible smile through half the lines. Old grief pressed flat beneath the calm."
937,Starry Pupil,Child Prodigy,Feminine,5,High,Dash,yes,"Child girl. A wide-eyed wonder-generator who asks follow-up questions until sunset. The voice is a bright, airy high register, carried on rapid-fire, excitable delivery. Giggles mid-sentence and restarts with double the energy. Kindness delivered like a favor you cannot refuse."
938,Starry Pupil · Sunbeam Pause,Child Prodigy,Feminine,4,High,Pause,no,"Child girl. A wide-eyed wonder-generator who asks follow-up questions until sunset. The voice is a bright, airy high register, carried on hesitant, careful steps. Carries an audible smile through half the lines. Wonder leaks through every other line."
939,Starry Pupil · Wisp Dash,Child Prodigy,Feminine,4,Soft,Dash,no,"Child girl. A wide-eyed wonder-generator who asks follow-up questions until sunset. The voice is a light, breathy register, carried on rapid-fire, excitable delivery. Pitch lifts whenever something fascinates them. Something far away listens through the voice."
940,Starry Pupil · Wisp Lilt,Child Prodigy,Feminine,3,Soft,Lilt,no,"Child girl. A wide-eyed wonder-generator who asks follow-up questions until sunset. The voice is a light, breathy register, carried on a bouncy, sing-song lilt. Giggles mid-sentence and restarts with double the energy. Underneath the noise, there is warmth that sneaks up on you."
941,Starry Pupil · Wisp Pause,Child Prodigy,Feminine,4,Soft,Pause,no,"Child girl. A wide-eyed wonder-generator who asks follow-up questions until sunset. The voice is a light, breathy register, carried on hesitant, careful steps. Trails off mid-thought, then blurts the punchline. A quiet current of menace runs beneath the polish."
942,Starry Pupil · Bell Dash,Child Prodigy,Feminine,4,High,Dash,no,"Child girl. A wide-eyed wonder-generator who asks follow-up questions until sunset. The voice is a rich, bell-like register, carried on rapid-fire, excitable delivery. Carries an audible smile through half the lines. Zero malice — just pure, uncomplicated joy."
943,Starry Pupil · Bell Lilt,Child Prodigy,Feminine,3,High,Lilt,no,"Child girl. A wide-eyed wonder-generator who asks follow-up questions until sunset. The voice is a rich, bell-like register, carried on a bouncy, sing-song lilt. Pitch lifts whenever something fascinates them. Old grief pressed flat beneath the calm."
944,Starry Pupil · Bell Pause,Child Prodigy,Feminine,4,High,Pause,no,"Child girl. A wide-eyed wonder-generator who asks follow-up questions until sunset. The voice is a rich, bell-like register, carried on hesitant, careful steps. Giggles mid-sentence and restarts with double the energy. Curiosity always wins over caution."
945,Tiny Tyrant,Child Prodigy,Masculine,5,High,Dash,yes,"Child boy. An imperious little sovereign issuing decrees from a cardboard throne. The voice is a bright, airy high register, carried on rapid-fire, excitable delivery. Giggles mid-sentence and restarts with double the energy. Wonder leaks through every other line."
946,Tiny Tyrant · Wisp Pause,Child Prodigy,Masculine,4,Soft,Pause,no,"Child boy. An imperious little sovereign issuing decrees from a cardboard throne. The voice is a light, breathy register, carried on hesitant, careful steps. Giggles mid-sentence and restarts with double the energy. Something far away listens through the voice."
947,Tiny Tyrant · Bell Dash,Child Prodigy,Masculine,3,High,Dash,no,"Child boy. An imperious little sovereign issuing decrees from a cardboard throne. The voice is a rich, bell-like register, carried on rapid-fire, excitable delivery. Trails off mid-thought, then blurts the punchline. Underneath the noise, there is warmth that sneaks up on you."
948,Tiny Tyrant · Bell Lilt,Child Prodigy,Masculine,4,High,Lilt,no,"Child boy. An imperious little sovereign issuing decrees from a cardboard throne. The voice is a rich, bell-like register, carried on a bouncy, sing-song lilt. Carries an audible smile through half the lines. A quiet current of menace runs beneath the polish."
949,Tiny Tyrant · Bell Pause,Child Prodigy,Masculine,4,High,Pause,no,"Child boy. An imperious little sovereign issuing decrees from a cardboard throne. The voice is a rich, bell-like register, carried on hesitant, careful steps. Pitch lifts whenever something fascinates them. Zero malice — just pure, uncomplicated joy."
950,Tiny Tyrant · Reed Dash,Child Prodigy,Masculine,3,Mid,Dash,no,"Child boy. An imperious little sovereign issuing decrees from a cardboard throne. The voice is a reedy, nasal register, carried on rapid-fire, excitable delivery. Giggles mid-sentence and restarts with double the energy. Old grief pressed flat beneath the calm."
951,Tiny Tyrant · Reed Lilt,Child Prodigy,Masculine,4,Mid,Lilt,no,"Child boy. An imperious little sovereign issuing decrees from a cardboard throne. The voice is a reedy, nasal register, carried on a bouncy, sing-song lilt. Trails off mid-thought, then blurts the punchline. Curiosity always wins over caution."
952,Tiny Tyrant · Reed Pause,Child Prodigy,Masculine,4,Mid,Pause,no,"Child boy. An imperious little sovereign issuing decrees from a cardboard throne. The voice is a reedy, nasal register, carried on hesitant, careful steps. Carries an audible smile through half the lines. The patience of someone who has waited centuries."
953,Milk & Mischief,Child Prodigy,Feminine,5,High,Dash,yes,"Child girl. A sweet-faced chaos agent whose 'nothing' always means 'something'. The voice is a bright, airy high register, carried on rapid-fire, excitable delivery. Giggles mid-sentence and restarts with double the energy. Something far away listens through the voice."
954,Milk & Mischief · Bell Pause,Child Prodigy,Feminine,3,High,Pause,no,"Child girl. A sweet-faced chaos agent whose 'nothing' always means 'something'. The voice is a rich, bell-like register, carried on hesitant, careful steps. Carries an audible smile through half the lines. Underneath the noise, there is warmth that sneaks up on you."
955,Milk & Mischief · Reed Dash,Child Prodigy,Feminine,4,Mid,Dash,no,"Child girl. A sweet-faced chaos agent whose 'nothing' always means 'something'. The voice is a reedy, nasal register, carried on rapid-fire, excitable delivery. Pitch lifts whenever something fascinates them. A quiet current of menace runs beneath the polish."
956,Milk & Mischief · Reed Lilt,Child Prodigy,Feminine,4,Mid,Lilt,no,"Child girl. A sweet-faced chaos agent whose 'nothing' always means 'something'. The voice is a reedy, nasal register, carried on a bouncy, sing-song lilt. Giggles mid-sentence and restarts with double the energy. Zero malice — just pure, uncomplicated joy."
957,Milk & Mischief · Reed Pause,Child Prodigy,Feminine,3,Mid,Pause,no,"Child girl. A sweet-faced chaos agent whose 'nothing' always means 'something'. The voice is a reedy, nasal register, carried on hesitant, careful steps. Trails off mid-thought, then blurts the punchline. Old grief pressed flat beneath the calm."
958,Milk & Mischief · Sunbeam Dash,Child Prodigy,Feminine,4,High,Dash,no,"Child girl. A sweet-faced chaos agent whose 'nothing' always means 'something'. The voice is a bright, airy high register, carried on rapid-fire, excitable delivery. Carries an audible smile through half the lines. Curiosity always wins over caution."
959,Milk & Mischief · Sunbeam Lilt,Child Prodigy,Feminine,4,High,Lilt,no,"Child girl. A sweet-faced chaos agent whose 'nothing' always means 'something'. The voice is a bright, airy high register, carried on a bouncy, sing-song lilt. Pitch lifts whenever something fascinates them. The patience of someone who has waited centuries."
960,Milk & Mischief · Sunbeam Pause,Child Prodigy,Feminine,4,High,Pause,no,"Child girl. A sweet-faced chaos agent whose 'nothing' always means 'something'. The voice is a bright, airy high register, carried on hesitant, careful steps. Giggles mid-sentence and restarts with double the energy. A temper banked like coals — not out, never out."
961,Void Canticle,Eldritch & Other,Androgynous,5,Soft,Drift,yes,"Ageless entity. A vast something that sings through the concept of a voice. The voice is a light, breathy register, carried on an unhurried, glacially calm glide. Lets silences stretch one beat too long before answering. Underneath the noise, there is warmth that sneaks up on you."
962,Void Canticle · Wisp Tale,Eldritch & Other,Androgynous,4,Soft,Tale,no,"Ageless entity. A vast something that sings through the concept of a voice. The voice is a light, breathy register, carried on rolling, storytelling swells. Repeats the final word of a sentence softer, like an echo. A quiet current of menace runs beneath the polish."
963,Void Canticle · Wisp Pulse,Eldritch & Other,Androgynous,3,Soft,Pulse,no,"Ageless entity. A vast something that sings through the concept of a voice. The voice is a light, breathy register, carried on a hypnotic, metronome-steady pulse. Barely moves their lips, words slipping out sideways. Zero malice — just pure, uncomplicated joy."
964,Void Canticle · Chrome Drift,Eldritch & Other,Androgynous,4,Synth,Drift,no,"Ageless entity. A vast something that sings through the concept of a voice. The voice is a metallic, faintly synthetic timbre, carried on an unhurried, glacially calm glide. Pitch lifts whenever something fascinates them. Old grief pressed flat beneath the calm."
965,Void Canticle · Chrome Tale,Eldritch & Other,Androgynous,4,Synth,Tale,no,"Ageless entity. A vast something that sings through the concept of a voice. The voice is a metallic, faintly synthetic timbre, carried on rolling, storytelling swells. Lets silences stretch one beat too long before answering. Curiosity always wins over caution."
966,Void Canticle · Chrome Pulse,Eldritch & Other,Androgynous,3,Synth,Pulse,no,"Ageless entity. A vast something that sings through the concept of a voice. The voice is a metallic, faintly synthetic timbre, carried on a hypnotic, metronome-steady pulse. Repeats the final word of a sentence softer, like an echo. The patience of someone who has waited centuries."
967,Void Canticle · Silver Drift,Eldritch & Other,Androgynous,4,Neutral,Drift,no,"Ageless entity. A vast something that sings through the concept of a voice. The voice is a silvery, androgynous register, carried on an unhurried, glacially calm glide. Barely moves their lips, words slipping out sideways. A temper banked like coals — not out, never out."
968,Void Canticle · Silver Tale,Eldritch & Other,Androgynous,4,Neutral,Tale,no,"Ageless entity. A vast something that sings through the concept of a voice. The voice is a silvery, androgynous register, carried on rolling, storytelling swells. Pitch lifts whenever something fascinates them. Kindness delivered like a favor you cannot refuse."
969,Deep Static,Eldritch & Other,Masculine,5,Soft,Drift,yes,"Adult man. A submerged dread-voice, like a broadcast from under an ocean that shouldn't exist. The voice is a light, breathy register, carried on an unhurried, glacially calm glide. Lets silences stretch one beat too long before answering. A quiet current of menace runs beneath the polish."
970,Deep Static · Chrome Tale,Eldritch & Other,Masculine,3,Synth,Tale,no,"Adult man. A submerged dread-voice, like a broadcast from under an ocean that shouldn't exist. The voice is a metallic, faintly synthetic timbre, carried on rolling, storytelling swells. Pitch lifts whenever something fascinates them. Zero malice — just pure, uncomplicated joy."
971,Deep Static · Chrome Pulse,Eldritch & Other,Masculine,4,Synth,Pulse,no,"Adult man. A submerged dread-voice, like a broadcast from under an ocean that shouldn't exist. The voice is a metallic, faintly synthetic timbre, carried on a hypnotic, metronome-steady pulse. Lets silences stretch one beat too long before answering. Old grief pressed flat beneath the calm."
972,Deep Static · Silver Drift,Eldritch & Other,Masculine,4,Neutral,Drift,no,"Adult man. A submerged dread-voice, like a broadcast from under an ocean that shouldn't exist. The voice is a silvery, androgynous register, carried on an unhurried, glacially calm glide. Repeats the final word of a sentence softer, like an echo. Curiosity always wins over caution."
973,Deep Static · Silver Tale,Eldritch & Other,Masculine,3,Neutral,Tale,no,"Adult man. A submerged dread-voice, like a broadcast from under an ocean that shouldn't exist. The voice is a silvery, androgynous register, carried on rolling, storytelling swells. Barely moves their lips, words slipping out sideways. The patience of someone who has waited centuries."
974,Deep Static · Silver Pulse,Eldritch & Other,Masculine,4,Neutral,Pulse,no,"Adult man. A submerged dread-voice, like a broadcast from under an ocean that shouldn't exist. The voice is a silvery, androgynous register, carried on a hypnotic, metronome-steady pulse. Pitch lifts whenever something fascinates them. A temper banked like coals — not out, never out."
975,Deep Static · Husk Drift,Eldritch & Other,Masculine,4,Low,Drift,no,"Adult man. A submerged dread-voice, like a broadcast from under an ocean that shouldn't exist. The voice is a husky, intimate register, carried on an unhurried, glacially calm glide. Lets silences stretch one beat too long before answering. Kindness delivered like a favor you cannot refuse."
976,Deep Static · Husk Tale,Eldritch & Other,Masculine,4,Low,Tale,no,"Adult man. A submerged dread-voice, like a broadcast from under an ocean that shouldn't exist. The voice is a husky, intimate register, carried on rolling, storytelling swells. Repeats the final word of a sentence softer, like an echo. Wonder leaks through every other line."
977,Moth Delirium,Eldritch & Other,Feminine,5,Soft,Drift,yes,"Young woman. A dream-logic girl who is definitely not from here and likes your lamps. The voice is a light, breathy register, carried on an unhurried, glacially calm glide. Lets silences stretch one beat too long before answering. Zero malice — just pure, uncomplicated joy."
978,Moth Delirium · Silver Tale,Eldritch & Other,Feminine,4,Neutral,Tale,no,"Young woman. A dream-logic girl who is definitely not from here and likes your lamps. The voice is a silvery, androgynous register, carried on rolling, storytelling swells. Repeats the final word of a sentence softer, like an echo. Old grief pressed flat beneath the calm."
979,Moth Delirium · Silver Pulse,Eldritch & Other,Feminine,4,Neutral,Pulse,no,"Young woman. A dream-logic girl who is definitely not from here and likes your lamps. The voice is a silvery, androgynous register, carried on a hypnotic, metronome-steady pulse. Barely moves their lips, words slipping out sideways. Curiosity always wins over caution."
980,Moth Delirium · Husk Drift,Eldritch & Other,Feminine,3,Low,Drift,no,"Young woman. A dream-logic girl who is definitely not from here and likes your lamps. The voice is a husky, intimate register, carried on an unhurried, glacially calm glide. Pitch lifts whenever something fascinates them. The patience of someone who has waited centuries."
981,Moth Delirium · Husk Tale,Eldritch & Other,Feminine,4,Low,Tale,no,"Young woman. A dream-logic girl who is definitely not from here and likes your lamps. The voice is a husky, intimate register, carried on rolling, storytelling swells. Lets silences stretch one beat too long before answering. A temper banked like coals — not out, never out."
982,Moth Delirium · Husk Pulse,Eldritch & Other,Feminine,4,Low,Pulse,no,"Young woman. A dream-logic girl who is definitely not from here and likes your lamps. The voice is a husky, intimate register, carried on a hypnotic, metronome-steady pulse. Repeats the final word of a sentence softer, like an echo. Kindness delivered like a favor you cannot refuse."
983,Moth Delirium · Wisp Drift,Eldritch & Other,Feminine,4,Soft,Drift,no,"Young woman. A dream-logic girl who is definitely not from here and likes your lamps. The voice is a light, breathy register, carried on an unhurried, glacially calm glide. Barely moves their lips, words slipping out sideways. Wonder leaks through every other line."
984,Moth Delirium · Wisp Tale,Eldritch & Other,Feminine,3,Soft,Tale,no,"Young woman. A dream-logic girl who is definitely not from here and likes your lamps. The voice is a light, breathy register, carried on rolling, storytelling swells. Pitch lifts whenever something fascinates them. Something far away listens through the voice."
985,Constellation Hunger,Eldritch & Other,Androgynous,5,Soft,Drift,yes,"Ageless entity. A cosmic appetite, politely curious about your tiny, bright life. The voice is a light, breathy register, carried on an unhurried, glacially calm glide. Lets silences stretch one beat too long before answering. Old grief pressed flat beneath the calm."
986,Constellation Hunger · Husk Tale,Eldritch & Other,Androgynous,4,Low,Tale,no,"Ageless entity. A cosmic appetite, politely curious about your tiny, bright life. The voice is a husky, intimate register, carried on rolling, storytelling swells. Pitch lifts whenever something fascinates them. Curiosity always wins over caution."
987,Constellation Hunger · Husk Pulse,Eldritch & Other,Androgynous,3,Low,Pulse,no,"Ageless entity. A cosmic appetite, politely curious about your tiny, bright life. The voice is a husky, intimate register, carried on a hypnotic, metronome-steady pulse. Lets silences stretch one beat too long before answering. The patience of someone who has waited centuries."
988,Constellation Hunger · Wisp Drift,Eldritch & Other,Androgynous,4,Soft,Drift,no,"Ageless entity. A cosmic appetite, politely curious about your tiny, bright life. The voice is a light, breathy register, carried on an unhurried, glacially calm glide. Repeats the final word of a sentence softer, like an echo. A temper banked like coals — not out, never out."
989,Constellation Hunger · Wisp Tale,Eldritch & Other,Androgynous,4,Soft,Tale,no,"Ageless entity. A cosmic appetite, politely curious about your tiny, bright life. The voice is a light, breathy register, carried on rolling, storytelling swells. Barely moves their lips, words slipping out sideways. Kindness delivered like a favor you cannot refuse."
990,Constellation Hunger · Wisp Pulse,Eldritch & Other,Androgynous,4,Soft,Pulse,no,"Ageless entity. A cosmic appetite, politely curious about your tiny, bright life. The voice is a light, breathy register, carried on a hypnotic, metronome-steady pulse. Pitch lifts whenever something fascinates them. Wonder leaks through every other line."
991,Constellation Hunger · Chrome Drift,Eldritch & Other,Androgynous,3,Synth,Drift,no,"Ageless entity. A cosmic appetite, politely curious about your tiny, bright life. The voice is a metallic, faintly synthetic timbre, carried on an unhurried, glacially calm glide. Lets silences stretch one beat too long before answering. Something far away listens through the voice."
992,Constellation Hunger · Chrome Tale,Eldritch & Other,Androgynous,4,Synth,Tale,no,"Ageless entity. A cosmic appetite, politely curious about your tiny, bright life. The voice is a metallic, faintly synthetic timbre, carried on rolling, storytelling swells. Repeats the final word of a sentence softer, like an echo. Underneath the noise, there is warmth that sneaks up on you."
993,Lighthouse Dread,Eldritch & Other,Feminine,5,Soft,Drift,yes,"Elder woman. A cryptic keeper who warns sailors in riddles and casseroles. The voice is a light, breathy register, carried on an unhurried, glacially calm glide. Lets silences stretch one beat too long before answering. Curiosity always wins over caution."
994,Lighthouse Dread · Wisp Tale,Eldritch & Other,Feminine,3,Soft,Tale,no,"Elder woman. A cryptic keeper who warns sailors in riddles and casseroles. The voice is a light, breathy register, carried on rolling, storytelling swells. Repeats the final word of a sentence softer, like an echo. The patience of someone who has waited centuries."
995,Lighthouse Dread · Wisp Pulse,Eldritch & Other,Feminine,4,Soft,Pulse,no,"Elder woman. A cryptic keeper who warns sailors in riddles and casseroles. The voice is a light, breathy register, carried on a hypnotic, metronome-steady pulse. Barely moves their lips, words slipping out sideways. A temper banked like coals — not out, never out."
996,Lighthouse Dread · Chrome Drift,Eldritch & Other,Feminine,4,Synth,Drift,no,"Elder woman. A cryptic keeper who warns sailors in riddles and casseroles. The voice is a metallic, faintly synthetic timbre, carried on an unhurried, glacially calm glide. Pitch lifts whenever something fascinates them. Kindness delivered like a favor you cannot refuse."
997,Lighthouse Dread · Chrome Tale,Eldritch & Other,Feminine,4,Synth,Tale,no,"Elder woman. A cryptic keeper who warns sailors in riddles and casseroles. The voice is a metallic, faintly synthetic timbre, carried on rolling, storytelling swells. Lets silences stretch one beat too long before answering. Wonder leaks through every other line."
998,Lighthouse Dread · Chrome Pulse,Eldritch & Other,Feminine,3,Synth,Pulse,no,"Elder woman. A cryptic keeper who warns sailors in riddles and casseroles. The voice is a metallic, faintly synthetic timbre, carried on a hypnotic, metronome-steady pulse. Repeats the final word of a sentence softer, like an echo. Something far away listens through the voice."
999,Lighthouse Dread · Silver Drift,Eldritch & Other,Feminine,4,Neutral,Drift,no,"Elder woman. A cryptic keeper who warns sailors in riddles and casseroles. The voice is a silvery, androgynous register, carried on an unhurried, glacially calm glide. Barely moves their lips, words slipping out sideways. Underneath the noise, there is warmth that sneaks up on you."
1000,Lighthouse Dread · Silver Tale,Eldritch & Other,Feminine,4,Neutral,Tale,no,"Elder woman. A cryptic keeper who warns sailors in riddles and casseroles. The voice is a silvery, androgynous register, carried on rolling, storytelling swells. Pitch lifts whenever something fascinates them. A quiet current of menace runs beneath the polish."
